"ID_INDIVIDU","POSTE","MOIS_NAISSANCE","NATIONALITE","CF_AGREE","POLE_ESPOIR","NB_PALMARES_AVANT_21","exp_avant_21","Anthropometrie","Detente_horizontale","Vitesse_lineaire","Vivacite","Jeux_reduits","Match","Conduite_de_balle","Gardiens_de_but","Jonglerie_en_mouvement","Vitesse_max_aerobie","NB_BUT_PAR_MIN_JOUE_PAR_SAISON_AVANT_21","NB_MIN_JOUE_PAR_MATCH_PAR_SAISON_AVANT_21","NB_CLUB_AVANT_21","TOP_50_AVANT_21","TOP_50_150_AVANT_21","top_restant_AVANT_21","France U16","France U17","France U18","France U19","U16_NB_BUT","U16_NB_MATCH_JOUE","U16_NB_MIN_JOUE","U16_TITULARISATION","U17_NB_BUT","U17_NB_MATCH_JOUE","U17_NB_MIN_JOUE","U17_TITULARISATION","U18_NB_BUT","U18_NB_MATCH_JOUE","U18_NB_MIN_JOUE","U18_TITULARISATION","U19_NB_BUT","U19_NB_MATCH_JOUE","U19_NB_MIN_JOUE","U19_TITULARISATION","Y"
26,"Defenseur",11,"France","CFM - CENTRE DE FORMATION O. DE LYON ET DU RHONE","aucun",0,0,18.48,18.48,18.48,18.48,18.48,18.48,NA,NA,NA,NA,6e-05,8.71,4,"1","1","0",0,0,1,1,NA,NA,NA,NA,NA,NA,NA,NA,NA,6,450,5,NA,4,286,3,0
75,"Milieu",4,"France","CFM - CENTRE DE FORMATION VALENCIENNES F.C.","PEM - PEM CASTELMAUROU",1,0,NA,NA,NA,NA,NA,NA,NA,NA,NA,NA,8e-05,17.68,2,"1","0","0",0,0,0,1,NA,NA,NA,NA,NA,NA,NA,NA,NA,NA,NA,NA,NA,21,1453,15,0
78,"Defenseur",2,"France","CFM - CENTRE DE FORMATION A.J. AUXERROISE","aucun",0,0,NA,NA,NA,NA,NA,NA,NA,NA,NA,NA,NA,NA,NA,"inconnu","inconnu","inconnu",0,0,0,0,NA,NA,NA,NA,NA,NA,NA,NA,NA,NA,NA,NA,NA,NA,NA,NA,1
86,"Milieu",6,"Sénégal","CFM - ACADEMY AS MONACO FC","PEM - PEM AIX EN PROVENCE",1,0,NA,NA,NA,NA,NA,NA,NA,NA,NA,NA,0,65,1,"0","1","0",0,0,1,1,NA,NA,NA,NA,NA,NA,NA,NA,NA,3,270,3,NA,8,720,8,0
148,"Milieu",7,"France","CFM - ACADEMY AS MONACO FC","aucun",0,1,NA,NA,NA,NA,NA,NA,NA,NA,NA,NA,0,9.39,4,"0","1","0",0,1,1,1,NA,NA,NA,NA,NA,3,87,1,NA,13,758,10,NA,6,333,4,1
167,"Milieu",3,"France","CFM - CENTRE DE FORMATION ST. RENNAIS F.C.","aucun",0,1,11.4,12.54,13.3,12.54,NA,NA,13.3,12.54,12.54,11.4,7e-05,6.4,3,"1","0","0",0,0,1,1,NA,NA,NA,NA,NA,NA,NA,NA,1,9,482,5,2,9,499,6,1
185,"Defenseur",6,"France","aucun","aucun",3,1,NA,NA,NA,NA,NA,NA,NA,NA,NA,NA,0.00014,10.92,2,"1","0","0",1,1,1,1,2,13,934,9,NA,10,855,10,NA,9,775,9,NA,6,452,6,0
226,"Attaquant",12,"France","aucun","aucun",5,0,NA,NA,NA,NA,NA,NA,NA,NA,NA,NA,0.00691,5.71,1,"1","0","0",0,0,0,0,NA,NA,NA,NA,NA,NA,NA,NA,NA,NA,NA,NA,NA,NA,NA,NA,1
282,"Defenseur",2,"France","aucun","aucun",5,1,NA,NA,NA,NA,NA,NA,NA,NA,NA,NA,0.00062,5.62,3,"1","1","1",0,0,0,0,NA,NA,NA,NA,NA,NA,NA,NA,NA,NA,NA,NA,NA,NA,NA,NA,1
291,"Defenseur",1,"Sénégal","aucun","aucun",1,0,NA,NA,NA,NA,NA,NA,NA,NA,NA,NA,4e-05,11.01,3,"1","1","0",1,0,0,0,NA,9,462,5,NA,NA,NA,NA,NA,NA,NA,NA,NA,NA,NA,NA,1
318,"Defenseur",12,"France","CFM - CENTRE DE FORMATION O. DE LYON ET DU RHONE","aucun",0,1,NA,NA,NA,NA,NA,NA,NA,NA,NA,NA,4e-05,9.33,4,"1","0","0",0,1,0,0,NA,NA,NA,NA,NA,6,384,4,NA,NA,NA,NA,NA,NA,NA,NA,0
331,"Milieu",3,"France","CFM - CENTRE DE FORMATION O. DE LYON ET DU RHONE","aucun",0,0,NA,NA,NA,NA,NA,NA,NA,NA,NA,NA,6e-04,22.62,4,"1","0","0",0,0,0,0,NA,NA,NA,NA,NA,NA,NA,NA,NA,NA,NA,NA,NA,NA,NA,NA,1
334,"Attaquant",6,"France","CFM - CENTRE DE FORMATION LA BERRICHONNE DE CHATEAUROUX","aucun",0,1,NA,NA,NA,NA,NA,NA,NA,NA,NA,NA,0.00146,17.96,4,"1","1","0",0,0,0,1,NA,NA,NA,NA,NA,NA,NA,NA,NA,NA,NA,NA,2,3,171,2,1
344,"Attaquant",4,"Etats-Unis","CFM - CENTRE DE FORMATION ST DE REIMS","aucun",2,0,NA,NA,NA,NA,NA,NA,NA,NA,NA,NA,0.00205,24.83,3,"0","0","1",0,0,0,0,NA,NA,NA,NA,NA,NA,NA,NA,NA,NA,NA,NA,NA,NA,NA,NA,1
397,"Attaquant",9,"Cote d'ivoire","CFM - CENTRE DE FORMATION F.C. METZ","aucun",2,0,NA,NA,NA,NA,NA,NA,NA,NA,NA,NA,0.00084,15.84,1,"1","0","0",1,1,1,1,5,15,966,11,4,9,759,9,4,4,248,3,7,17,1327,16,0
412,"Defenseur",1,"France","CFM - CENTRE DE FORMATION O.G.C. NICE COTE D'AZUR","aucun",1,1,NA,NA,NA,NA,NA,NA,NA,NA,NA,NA,7e-05,10.48,3,"1","1","1",1,1,1,1,1,9,590,7,NA,11,945,10,NA,4,360,4,NA,10,784,9,0
422,"Defenseur",7,"France","CFM - CENTRE DE FORMATION VALENCIENNES F.C.","aucun",0,0,14.1,11.17,8.43,11.17,11.86,11.86,7.5,11.42,11.42,16.64,1e-05,7.9,3,"1","0","1",0,0,0,1,NA,NA,NA,NA,NA,NA,NA,NA,NA,NA,NA,NA,NA,11,843,10,0
423,"Defenseur",6,"France","CFM - CENTRE DE FORMATION AMIENS SP.C. PICARDIE","aucun",0,1,6.6,11.42,11.42,11.42,6.6,6.6,16.24,16.24,16.24,NA,2e-05,11.9,2,"0","0","1",0,0,1,0,NA,NA,NA,NA,NA,NA,NA,NA,NA,4,216,2,NA,NA,NA,NA,1
438,"Defenseur",2,"Maurice","CFM - CENTRE DE FORMATION ST. LAVALLOIS F.C.","aucun",0,0,NA,NA,NA,NA,NA,NA,NA,NA,NA,NA,NA,NA,NA,"inconnu","inconnu","inconnu",0,0,1,1,NA,NA,NA,NA,NA,NA,NA,NA,1,8,618,7,1,10,765,9,0
452,"Defenseur",4,"France","CFM - CENTRE DE FORMATION O. DE LYON ET DU RHONE","PEM - PEM DIJON",0,1,NA,11.34,11.34,11.34,NA,NA,11.34,11.35,11.34,NA,0.00026,11.34,4,"1","0","1",1,0,0,1,NA,3,154,2,NA,NA,NA,NA,NA,NA,NA,NA,NA,11,722,8,0
491,"Defenseur",10,"France","CFM - CENTRE DE FORMATION A.S. ST ETIENNE","aucun",5,1,NA,NA,NA,NA,NA,NA,NA,NA,NA,NA,0.00033,25.21,2,"1","0","1",1,1,0,1,NA,6,422,5,1,17,1418,17,NA,NA,NA,NA,NA,1,90,1,0
527,"Milieu",7,"France","CFM - ACADEMY AS MONACO FC","aucun",0,1,20,NA,NA,NA,20,20,NA,NA,NA,NA,0.00036,18.39,3,"0","1","1",0,0,0,0,NA,NA,NA,NA,NA,NA,NA,NA,NA,NA,NA,NA,NA,NA,NA,NA,1
558,"Attaquant",8,"France","aucun","aucun",0,0,NA,NA,NA,NA,NA,NA,NA,NA,NA,NA,NA,NA,NA,"inconnu","inconnu","inconnu",0,0,0,0,NA,NA,NA,NA,NA,NA,NA,NA,NA,NA,NA,NA,NA,NA,NA,NA,1
563,"Milieu",5,"France","aucun","aucun",5,1,NA,NA,NA,NA,NA,NA,NA,NA,NA,NA,8e-05,17.24,3,"1","0","0",1,1,1,1,NA,2,88,1,1,7,474,6,2,10,722,8,NA,6,289,3,0
579,"Attaquant",7,"France","aucun","aucun",5,1,NA,NA,NA,NA,NA,NA,NA,NA,NA,NA,0.00052,23.95,2,"0","1","1",1,1,1,1,4,14,760,10,NA,3,157,1,2,3,165,1,1,10,556,5,0
590,"Defenseur",7,"France","aucun","aucun",4,1,NA,NA,NA,NA,NA,NA,NA,NA,NA,NA,0,0.67,1,"0","0","1",0,0,0,0,NA,NA,NA,NA,NA,NA,NA,NA,NA,NA,NA,NA,NA,NA,NA,NA,1
601,"Attaquant",3,"Mali","CFM - CENTRE DE FORMATION O. DE LYON ET DU RHONE","aucun",1,0,NA,NA,NA,NA,NA,NA,NA,NA,NA,NA,0.0014,35.8,1,"1","0","0",0,0,1,1,NA,NA,NA,NA,NA,NA,NA,NA,1,3,158,2,2,15,890,10,0
636,"Gardien de But",3,"France","CFM - CENTRE DE FORMATION TOULOUSE FOOTBALL CLUB","aucun",0,0,18.11,18.11,18.11,18.11,18.11,18.11,NA,18.11,18.11,18.11,0,12.86,1,"0","1","0",0,1,1,0,NA,NA,NA,NA,NA,6,540,6,NA,2,180,2,NA,NA,NA,NA,1
666,"Defenseur",3,"France","CFM - CENTRE DE FORMATION O.G.C. NICE COTE D'AZUR","aucun",0,1,NA,NA,NA,NA,NA,NA,NA,NA,NA,NA,0,27.8,2,"0","1","0",0,0,1,0,NA,NA,NA,NA,NA,NA,NA,NA,NA,2,88,1,NA,NA,NA,NA,0
676,"Defenseur",6,"Algérie","CFM - CENTRE DE FORMATION ANGERS S.C.O.","aucun",0,1,NA,NA,NA,NA,NA,NA,NA,NA,NA,NA,5e-05,9.64,2,"0","1","1",0,0,1,1,NA,NA,NA,NA,NA,NA,NA,NA,NA,10,893,10,NA,2,28,NA,1
703,"Defenseur",11,"France","CFM - LOSC LILLE ASSOCIATION","aucun",0,0,NA,NA,NA,NA,NA,NA,NA,NA,NA,NA,8e-05,10.09,2,"1","0","0",0,1,1,1,NA,NA,NA,NA,NA,1,56,1,NA,5,331,4,NA,2,180,2,1
736,"Milieu",1,"France","CFM - CENTRE DE FORMATION R.C. LENSOIS","aucun",3,1,NA,NA,NA,NA,NA,NA,NA,NA,NA,NA,0.00027,11.87,5,"1","0","1",1,1,1,1,NA,1,64,1,1,10,568,7,1,8,571,7,NA,9,641,7,0
775,"Milieu",2,"France","CFM - ACADEMY AS MONACO FC","PEM - PEM CLAIREFONTAINE",0,1,11.51,13.32,14.23,13.32,13.93,13.93,14.23,13.32,13.32,11.51,0.00019,5.54,2,"0","1","0",0,0,0,0,NA,NA,NA,NA,NA,NA,NA,NA,NA,NA,NA,NA,NA,NA,NA,NA,0
786,"Gardien de But",5,"France","CFM - CENTRE DE FORMATION AS NANCY LORRAINE","aucun",0,1,NA,NA,NA,NA,NA,NA,NA,NA,NA,NA,0,90,1,"0","1","0",0,1,1,1,NA,NA,NA,NA,NA,1,50,NA,NA,1,90,1,NA,1,76,NA,0
794,"Defenseur",5,"France","CFM - CENTRE DE FORMATION F.C. LORIENT","aucun",0,0,NA,NA,NA,NA,NA,NA,NA,NA,NA,NA,3e-05,7.17,5,"1","0","1",0,0,0,0,NA,NA,NA,NA,NA,NA,NA,NA,NA,NA,NA,NA,NA,NA,NA,NA,0
800,"Defenseur",12,"Guinée","CFM - CENTRE DE FORMATION O. DE LYON ET DU RHONE","PEM - PEM SAINT-SEBASTIEN SUR LOIRE",0,0,NA,NA,NA,NA,NA,NA,NA,NA,NA,NA,0.00074,17.75,2,"1","0","0",0,0,0,1,NA,NA,NA,NA,NA,NA,NA,NA,NA,NA,NA,NA,NA,11,920,10,0
812,"Attaquant",8,"France","CFM - CENTRE DE FORMATION ST DE REIMS","aucun",0,0,NA,NA,NA,NA,NA,NA,NA,NA,NA,NA,0.00467,53.5,1,"0","0","1",0,0,0,0,NA,NA,NA,NA,NA,NA,NA,NA,NA,NA,NA,NA,NA,NA,NA,NA,1
815,"Gardien de But",2,"France","CFM - CENTRE DE FORMATION PARIS F.C.","aucun",0,0,NA,NA,NA,NA,NA,NA,NA,NA,NA,NA,0,7.98,4,"1","0","1",0,1,0,0,NA,NA,NA,NA,NA,1,44,NA,NA,NA,NA,NA,NA,NA,NA,NA,0
835,"Milieu",4,"France","aucun","aucun",0,1,NA,NA,NA,NA,NA,NA,NA,NA,NA,NA,0.00578,10.18,1,"0","1","0",0,0,0,0,NA,NA,NA,NA,NA,NA,NA,NA,NA,NA,NA,NA,NA,NA,NA,NA,1
859,"Attaquant",7,"France","CFM - CENTRE DE FORMATION ESPER. TROYES AUBE CHAMPAGNE","aucun",2,1,NA,NA,NA,NA,NA,NA,NA,NA,NA,NA,0,38,1,"0","1","0",1,1,1,1,NA,1,50,1,NA,12,761,6,1,6,421,5,NA,6,379,5,0
885,"Defenseur",7,"France","CFM - CENTRE DE FORMATION ESPER. TROYES AUBE CHAMPAGNE","aucun",0,0,NA,NA,NA,NA,NA,NA,NA,NA,NA,NA,0.005,66.67,1,"1","0","0",0,0,0,0,NA,NA,NA,NA,NA,NA,NA,NA,NA,NA,NA,NA,NA,NA,NA,NA,0
926,"Milieu",1,"Mali","CFM - CENTRE DE FORMATION ST. RENNAIS F.C.","aucun",2,0,NA,NA,NA,NA,NA,NA,NA,NA,NA,NA,NA,NA,NA,"inconnu","inconnu","inconnu",0,1,1,1,NA,NA,NA,NA,1,19,1386,16,1,5,379,4,NA,7,477,5,0
933,"Milieu",8,"France","CFM - CENTRE DE FORMATION A.S. ST ETIENNE","PEM - PEM REIMS",0,1,NA,14.43,13.93,14.43,14.28,14.28,13.93,14.43,14.43,15.93,2e-05,7.82,4,"1","1","1",1,1,0,1,NA,11,782,7,NA,4,246,3,NA,NA,NA,NA,NA,10,664,7,0
944,"Milieu",7,"France","CFM - CENTRE DE FORMATION ST. RENNAIS F.C.","aucun",1,0,NA,NA,NA,NA,NA,NA,NA,NA,NA,NA,NA,NA,NA,"inconnu","inconnu","inconnu",0,0,1,1,NA,NA,NA,NA,NA,NA,NA,NA,NA,4,230,3,1,15,827,8,0
970,"Milieu",1,"France","CFM - CENTRE DE FORMATION F.C. DES GIRONDINS DE BORDEAUX","aucun",2,1,NA,16.58,16.58,16.58,NA,NA,16.58,16.58,16.58,NA,0.00015,11.9,4,"1","1","1",1,1,1,1,NA,11,691,8,NA,14,714,6,1,11,760,9,NA,7,514,6,0
976,"Defenseur",7,"France","aucun","aucun",4,0,NA,NA,NA,NA,NA,NA,NA,NA,NA,NA,0,37.25,1,"1","0","0",0,1,1,1,NA,NA,NA,NA,NA,11,931,11,2,12,856,9,NA,12,986,11,0
993,"Defenseur",2,"France","CFM - CENTRE DE FORMATION R.C. LENSOIS","PEM - PEM PLOUFRAGAN",0,1,NA,NA,NA,NA,NA,NA,NA,NA,NA,NA,0,66,1,"0","0","1",0,0,1,1,NA,NA,NA,NA,NA,NA,NA,NA,NA,3,64,NA,NA,3,237,3,0
994,"Milieu",6,"Maroc","CFM - CENTRE DE FORMATION F.C. NANTES","PEM - PEM CLAIREFONTAINE",1,1,NA,NA,NA,NA,NA,NA,NA,NA,NA,NA,0.00025,15.82,2,"0","1","1",0,0,1,1,NA,NA,NA,NA,NA,NA,NA,NA,1,2,136,2,NA,12,802,9,0
1009,"Gardien de But",6,"France","aucun","aucun",0,0,NA,NA,NA,NA,NA,NA,NA,NA,NA,NA,0,15.53,2,"1","0","1",0,0,0,0,NA,NA,NA,NA,NA,NA,NA,NA,NA,NA,NA,NA,NA,NA,NA,NA,1
1038,"Attaquant",3,"France","CFM - CENTRE DE FORMATION ST DE REIMS","PEM - PEM CLAIREFONTAINE",2,1,15.37,15.78,16.76,15.78,16.32,16.32,16.19,15.07,15.07,12.84,0.00011,6.43,5,"1","1","1",1,1,1,0,3,9,430,5,3,19,911,10,7,11,737,9,NA,NA,NA,NA,0
1068,"Milieu",10,"Mali","CFM - CENTRE DE FORMATION ST. BRESTOIS 29","aucun",0,0,NA,NA,NA,NA,NA,NA,NA,NA,NA,NA,0.00031,22.94,2,"1","0","1",0,0,1,1,NA,NA,NA,NA,NA,NA,NA,NA,NA,3,270,3,1,7,242,2,0
1080,"Milieu",11,"France","aucun","aucun",1,1,NA,NA,NA,NA,NA,NA,NA,NA,NA,NA,0.00077,1.52,1,"0","0","1",0,0,0,1,NA,NA,NA,NA,NA,NA,NA,NA,NA,NA,NA,NA,1,NA,NA,NA,0
1085,"Milieu",3,"France","CFM - CENTRE DE FORMATION LE HAVRE A.C.","aucun",1,1,NA,NA,NA,NA,NA,NA,NA,NA,NA,NA,0,4.28,1,"1","0","0",0,0,0,0,NA,NA,NA,NA,NA,NA,NA,NA,NA,NA,NA,NA,NA,NA,NA,NA,1
1097,"Milieu",10,"France","CFM - CENTRE DE FORMATION O.G.C. NICE COTE D'AZUR","aucun",0,0,NA,NA,NA,NA,NA,NA,NA,NA,NA,NA,0,36.88,1,"0","1","0",0,0,0,1,NA,NA,NA,NA,NA,NA,NA,NA,NA,NA,NA,NA,NA,1,68,1,0
1101,"Milieu",4,"France","CFM - CENTRE DE FORMATION ESPER. TROYES AUBE CHAMPAGNE","PEM - PEM CLAIREFONTAINE",0,0,NA,NA,NA,NA,NA,NA,NA,NA,NA,NA,0,48.38,1,"0","0","1",0,0,0,0,NA,NA,NA,NA,NA,NA,NA,NA,NA,NA,NA,NA,NA,NA,NA,NA,1
1113,"Attaquant",2,"France","CFM - CENTRE DE FORMATION LE HAVRE A.C.","aucun",0,1,NA,NA,NA,NA,NA,NA,NA,NA,NA,NA,0.00111,20.44,1,"0","0","0",0,0,0,0,NA,NA,NA,NA,NA,NA,NA,NA,NA,NA,NA,NA,NA,NA,NA,NA,0
1135,"Defenseur",7,"France","CFM - CENTRE DE FORMATION NIMES OLYMPIQUE","aucun",0,0,NA,NA,NA,NA,NA,NA,NA,NA,NA,NA,4e-05,16.15,1,"0","0","0",0,0,0,1,NA,NA,NA,NA,NA,NA,NA,NA,NA,NA,NA,NA,NA,2,180,2,1
1152,"Defenseur",12,"France","aucun","aucun",0,0,NA,NA,NA,NA,NA,NA,NA,NA,NA,NA,0,83.33,1,"0","0","1",0,0,0,0,NA,NA,NA,NA,NA,NA,NA,NA,NA,NA,NA,NA,NA,NA,NA,NA,1
1210,"Defenseur",3,"Sénégal","CFM - CENTRE DE FORMATION VALENCIENNES F.C.","aucun",0,0,NA,NA,NA,NA,NA,NA,NA,NA,NA,NA,0,40.28,2,"0","0","1",0,0,0,1,NA,NA,NA,NA,NA,NA,NA,NA,NA,NA,NA,NA,NA,3,64,1,0
1233,"Gardien de But",1,"France","CFM - CENTRE DE FORMATION TOULOUSE FOOTBALL CLUB","PEM - PEM CASTELMAUROU",1,1,NA,NA,NA,NA,NA,NA,NA,NA,NA,NA,0,17.76,3,"1","1","0",1,1,1,1,NA,5,450,5,NA,2,180,2,NA,4,360,4,NA,5,450,5,0
1252,"Attaquant",12,"France","CFM - CENTRE DE FORMATION O. DE LYON ET DU RHONE","aucun",4,1,NA,NA,NA,NA,NA,NA,NA,NA,NA,NA,0.00082,18.42,3,"1","1","0",1,1,1,1,8,17,905,9,1,13,829,11,4,4,287,4,NA,5,313,4,1
1272,"Milieu",3,"France","CFM - CENTRE DE FORMATION O. DE LYON ET DU RHONE","aucun",1,0,NA,NA,NA,NA,NA,NA,NA,NA,NA,NA,0.00044,40.57,1,"1","0","0",0,0,0,0,NA,NA,NA,NA,NA,NA,NA,NA,NA,NA,NA,NA,NA,NA,NA,NA,0
1290,"Milieu",6,"Maroc","CFM - CENTRE DE FORMATION ST. RENNAIS F.C.","aucun",0,1,NA,NA,NA,NA,NA,NA,NA,NA,NA,NA,0.00045,10.07,3,"1","1","1",0,0,1,1,NA,NA,NA,NA,NA,NA,NA,NA,NA,3,94,1,3,7,275,3,0
1363,"Defenseur",6,"France","CFM - CENTRE DE FORMATION A.S. ST ETIENNE","aucun",0,1,NA,NA,NA,NA,NA,NA,NA,NA,NA,NA,9e-05,13.31,3,"0","1","1",0,0,1,1,NA,NA,NA,NA,NA,NA,NA,NA,NA,3,79,1,NA,1,90,1,1
1366,"Defenseur",5,"France","CFM - CENTRE DE FORMATION R.C. STRASBOURG ALSACE","aucun",0,1,NA,NA,NA,NA,NA,NA,NA,NA,NA,NA,4e-05,11.14,3,"1","0","1",0,0,0,0,NA,NA,NA,NA,NA,NA,NA,NA,NA,NA,NA,NA,NA,NA,NA,NA,0
1371,"Gardien de But",8,"Cote d'ivoire","CFM - CENTRE DE FORMATION LE HAVRE A.C.","aucun",0,0,13.86,13.86,13.86,13.86,13.86,13.86,NA,13.86,NA,NA,0,7.62,1,"0","1","0",1,1,1,1,NA,5,373,4,NA,2,180,2,NA,9,810,9,NA,4,360,4,1
1380,"Defenseur",11,"France","CFM - CENTRE DE FORMATION O. DE LYON ET DU RHONE","aucun",4,0,NA,NA,NA,NA,NA,NA,NA,NA,NA,NA,0.00031,22.12,1,"1","0","0",0,1,1,1,NA,NA,NA,NA,NA,7,564,6,NA,7,584,6,NA,13,1200,13,0
1387,"Attaquant",6,"France","CFM - CENTRE DE FORMATION A.S. ST ETIENNE","PEM - PEM CLAIREFONTAINE",2,0,NA,NA,NA,NA,NA,NA,NA,NA,NA,NA,0.00083,12.71,2,"0","0","1",1,0,1,1,8,12,877,9,NA,NA,NA,NA,NA,3,128,1,1,4,254,3,1
1390,"Milieu",1,"Sénégal","CFM - CENTRE DE FORMATION R.C. STRASBOURG ALSACE","PEM - PEM NANCY",0,0,13.85,14.01,14.14,14.01,16.12,16.12,14.14,13.24,13.24,15.45,0.00018,7.65,2,"0","0","1",1,0,1,1,1,3,107,1,NA,NA,NA,NA,1,5,216,2,NA,3,120,1,1
1391,"Milieu",3,"France","CFM - CENTRE DE FORMATION O. DE LYON ET DU RHONE","aucun",4,0,NA,NA,NA,NA,NA,NA,NA,NA,NA,NA,0.00195,6.12,2,"1","0","0",0,0,0,0,NA,NA,NA,NA,NA,NA,NA,NA,NA,NA,NA,NA,NA,NA,NA,NA,1
1420,"Milieu",4,"France","CFM - CENTRE DE FORMATION O. DE LYON ET DU RHONE","aucun",2,1,NA,NA,NA,NA,NA,NA,NA,NA,NA,NA,0.00056,14.85,4,"1","1","0",1,0,1,0,NA,2,109,1,NA,NA,NA,NA,3,5,263,2,NA,NA,NA,NA,0
1429,"Defenseur",4,"France","CFM - CENTRE DE FORMATION ST. RENNAIS F.C.","PEM - PEM PLOUFRAGAN",0,0,NA,11.25,11.25,11.25,NA,NA,11.25,11.25,11.25,NA,5e-05,11.13,2,"1","0","0",0,0,0,0,NA,NA,NA,NA,NA,NA,NA,NA,NA,NA,NA,NA,NA,NA,NA,NA,1
1447,"Gardien de But",4,"France","CFM - CENTRE DE FORMATION ESPER. TROYES AUBE CHAMPAGNE","aucun",2,0,NA,NA,NA,NA,NA,NA,NA,NA,NA,NA,0,21.29,4,"0","0","1",0,1,1,1,NA,NA,NA,NA,NA,7,630,7,NA,5,450,5,NA,14,1260,14,0
1489,"Milieu",12,"France","CFM - CENTRE DE FORMATION O. DE MARSEILLE - O.M.","aucun",0,0,NA,NA,NA,NA,NA,NA,NA,NA,NA,NA,0.00018,12.07,2,"1","0","0",0,0,0,0,NA,NA,NA,NA,NA,NA,NA,NA,NA,NA,NA,NA,NA,NA,NA,NA,0
1506,"Attaquant",12,"France","CFM - CENTRE DE FORMATION F.C. NANTES","aucun",0,0,NA,NA,NA,NA,NA,NA,NA,NA,NA,NA,0.00073,12.73,2,"0","1","0",0,0,0,0,NA,NA,NA,NA,NA,NA,NA,NA,NA,NA,NA,NA,NA,NA,NA,NA,1
1520,"Defenseur",5,"France","aucun","aucun",0,0,NA,NA,NA,NA,NA,NA,NA,NA,NA,NA,NA,NA,1,"1","0","0",0,0,0,1,NA,NA,NA,NA,NA,NA,NA,NA,NA,NA,NA,NA,NA,6,494,6,0
1557,"Milieu",2,"Cameroun","CFM - CENTRE DE FORMATION LE HAVRE A.C.","aucun",2,1,NA,NA,NA,NA,NA,NA,NA,NA,NA,NA,0.00017,19.24,3,"1","1","1",1,1,1,1,5,19,1510,17,NA,8,571,7,1,2,114,2,NA,5,322,4,0
1566,"Defenseur",3,"France","CFM - CENTRE DE FORMATION A.S. ST ETIENNE","aucun",0,1,NA,NA,NA,NA,NA,NA,NA,NA,NA,NA,3e-05,11.77,4,"1","1","1",1,1,1,1,1,7,549,5,2,6,480,5,1,5,365,4,NA,3,125,1,0
1586,"Milieu",6,"France","CFM - CENTRE DE FORMATION O. DE MARSEILLE - O.M.","aucun",4,1,NA,NA,NA,NA,NA,NA,NA,NA,NA,NA,0.01084,3.51,2,"1","0","1",0,0,0,0,NA,NA,NA,NA,NA,NA,NA,NA,NA,NA,NA,NA,NA,NA,NA,NA,1
1587,"Defenseur",3,"France","CFM - CENTRE DE FORMATION ST DE REIMS","aucun",0,0,NA,NA,NA,NA,NA,NA,NA,NA,NA,NA,0.00013,14.28,2,"0","0","1",0,0,0,0,NA,NA,NA,NA,NA,NA,NA,NA,NA,NA,NA,NA,NA,NA,NA,NA,0
1591,"Attaquant",5,"France","aucun","aucun",1,0,NA,NA,NA,NA,NA,NA,NA,NA,NA,NA,NA,NA,NA,"inconnu","inconnu","inconnu",0,0,0,0,NA,NA,NA,NA,NA,NA,NA,NA,NA,NA,NA,NA,NA,NA,NA,NA,1
1594,"Defenseur",7,"France","CFM - LOSC LILLE ASSOCIATION","aucun",6,0,NA,NA,NA,NA,NA,NA,NA,NA,NA,NA,0.00033,25.87,2,"1","0","0",0,1,1,1,NA,NA,NA,NA,NA,15,1350,15,NA,11,775,9,NA,12,1049,11,0
1597,"Defenseur",1,"Guinée","aucun","aucun",1,0,NA,NA,NA,NA,NA,NA,NA,NA,NA,NA,NA,NA,NA,"inconnu","inconnu","inconnu",0,1,1,1,NA,NA,NA,NA,NA,3,205,2,NA,2,98,1,1,10,866,9,0
1603,"Defenseur",6,"France","CFM - CENTRE DE FORMATION AS NANCY LORRAINE","PEM - PEM LIEVIN",4,1,NA,NA,NA,NA,NA,NA,NA,NA,NA,NA,0,82.11,1,"0","1","0",1,1,1,1,NA,6,334,3,NA,14,1113,12,NA,3,270,3,NA,6,540,6,0
1627,"Defenseur",1,"France","CFM - CENTRE DE FORMATION ST. RENNAIS F.C.","aucun",0,1,NA,NA,NA,NA,NA,NA,NA,NA,NA,NA,0.00025,19,2,"1","1","0",0,0,0,0,NA,NA,NA,NA,NA,NA,NA,NA,NA,NA,NA,NA,NA,NA,NA,NA,0
1637,"Milieu",5,"France","CFM - CENTRE DE FORMATION TOULOUSE FOOTBALL CLUB","PEM - PEM CLAIREFONTAINE",0,1,NA,NA,NA,NA,NA,NA,NA,NA,NA,NA,0.00013,10.32,2,"0","1","0",0,0,1,1,NA,NA,NA,NA,NA,NA,NA,NA,1,5,290,3,NA,8,535,6,1
1690,"Milieu",1,"France","CFM - LOSC LILLE ASSOCIATION","aucun",3,0,NA,NA,NA,NA,NA,NA,NA,NA,NA,NA,0,2.67,1,"1","0","0",0,0,0,0,NA,NA,NA,NA,NA,NA,NA,NA,NA,NA,NA,NA,NA,NA,NA,NA,1
1762,"Milieu",8,"France","CFM - CENTRE DE FORMATION ST. RENNAIS F.C.","aucun",0,1,NA,NA,NA,NA,NA,NA,NA,NA,NA,NA,0,23.67,1,"0","1","0",1,1,1,0,NA,2,180,2,NA,7,247,2,NA,2,136,2,NA,NA,NA,NA,0
1781,"Attaquant",6,"France","CFM - CENTRE DE FORMATION F.C. LORIENT","PEM - PEM CLAIREFONTAINE",2,0,NA,NA,NA,NA,NA,NA,NA,NA,NA,NA,0.00068,13.35,2,"0","1","1",0,0,1,1,NA,NA,NA,NA,NA,NA,NA,NA,1,10,674,8,NA,9,528,6,0
1794,"Milieu",8,"France","CFM - CENTRE DE FORMATION O. DE LYON ET DU RHONE","aucun",0,0,NA,NA,NA,NA,NA,NA,NA,NA,NA,NA,0,24.4,1,"1","0","0",0,0,0,1,NA,NA,NA,NA,NA,NA,NA,NA,NA,NA,NA,NA,NA,1,20,NA,0
1805,"Gardien de But",7,"France","CFM - CENTRE DE FORMATION A.S. ST ETIENNE","aucun",0,0,17.64,17.64,17.64,17.64,17.64,17.64,NA,17.64,NA,NA,0,6.7,1,"0","0","1",0,0,0,0,NA,NA,NA,NA,NA,NA,NA,NA,NA,NA,NA,NA,NA,NA,NA,NA,1
1816,"Defenseur",3,"France","CFM - LOSC LILLE ASSOCIATION","PEM - PEM LIEVIN",1,1,NA,NA,NA,NA,NA,NA,NA,NA,NA,NA,0.00019,45.45,1,"0","0","1",0,0,0,1,NA,NA,NA,NA,NA,NA,NA,NA,NA,NA,NA,NA,NA,4,197,2,1
1829,"Defenseur",11,"France","CFM - CENTRE DE FORMATION F.C. DES GIRONDINS DE BORDEAUX","aucun",0,1,NA,NA,NA,NA,NA,NA,NA,NA,NA,NA,0.00014,17.24,3,"0","1","1",0,0,0,0,NA,NA,NA,NA,NA,NA,NA,NA,NA,NA,NA,NA,NA,NA,NA,NA,0
1830,"Milieu",9,"France","CFM - CENTRE DE FORMATION A.S. ST ETIENNE","aucun",0,0,NA,NA,NA,NA,NA,NA,NA,NA,NA,NA,NA,NA,NA,"inconnu","inconnu","inconnu",0,0,0,0,NA,NA,NA,NA,NA,NA,NA,NA,NA,NA,NA,NA,NA,NA,NA,NA,1
1831,"Attaquant",4,"France","CFM - CENTRE DE FORMATION O. DE MARSEILLE - O.M.","aucun",2,1,15.53,14.32,14.83,14.32,14.42,14.42,13.82,13.51,13.51,13.79,0.00012,5.74,3,"1","0","1",1,1,1,1,NA,2,100,1,NA,12,548,7,4,10,621,7,NA,1,90,1,0
1856,"Defenseur",5,"France","CFM - CENTRE DE FORMATION MONTPELLIER HERAULT SP.C.","aucun",0,1,NA,NA,NA,NA,NA,NA,NA,NA,NA,NA,4e-05,8.62,2,"0","0","1",0,0,0,0,NA,NA,NA,NA,NA,NA,NA,NA,NA,NA,NA,NA,NA,NA,NA,NA,0
1898,"Milieu",9,"Congo","aucun","aucun",0,0,NA,NA,NA,NA,NA,NA,NA,NA,NA,NA,0,62.75,1,"1","0","0",0,0,0,0,NA,NA,NA,NA,NA,NA,NA,NA,NA,NA,NA,NA,NA,NA,NA,NA,0
1901,"Defenseur",11,"France","CFM - CENTRE DE FORMATION ST. RENNAIS F.C.","aucun",1,0,NA,12.42,12.42,12.42,12.42,12.42,12.42,12.42,12.42,NA,0.00014,9.55,2,"1","0","0",0,0,1,1,NA,NA,NA,NA,NA,NA,NA,NA,1,6,323,4,1,8,552,6,1
1911,"Attaquant",7,"France","CFM - CENTRE DE FORMATION O. DE LYON ET DU RHONE","aucun",0,0,NA,NA,NA,NA,NA,NA,NA,NA,NA,NA,0,18.25,1,"1","0","0",0,0,0,0,NA,NA,NA,NA,NA,NA,NA,NA,NA,NA,NA,NA,NA,NA,NA,NA,1
1947,"Defenseur",5,"Sénégal","CFM - ACADEMY AS MONACO FC","aucun",4,1,NA,NA,NA,NA,NA,NA,NA,NA,NA,NA,0.00024,20.57,4,"0","1","1",1,1,1,1,NA,13,1074,12,NA,8,671,8,NA,4,355,4,1,16,1352,16,0
1964,"Defenseur",3,"France","CFM - ACADEMY AS MONACO FC","aucun",1,1,NA,18.34,18.34,18.34,18.67,18.67,18.34,18.34,18.34,NA,5e-05,9.23,4,"1","1","0",1,1,1,1,NA,5,275,3,NA,6,459,6,NA,2,145,2,NA,18,1600,17,1
1992,"Gardien de But",11,"France","CFM - CENTRE DE FORMATION F.C. METZ","aucun",3,1,NA,NA,NA,NA,NA,NA,NA,NA,NA,NA,0,1.59,2,"0","0","1",1,0,1,1,NA,4,360,4,NA,NA,NA,NA,NA,1,90,1,NA,4,316,4,0
2003,"Attaquant",1,"France","aucun","aucun",2,0,NA,NA,NA,NA,NA,NA,NA,NA,NA,NA,0.00391,42.67,1,"1","0","0",0,0,1,1,NA,NA,NA,NA,NA,NA,NA,NA,NA,2,77,1,NA,2,22,NA,0
2026,"Milieu",3,"France","CFM - ACADEMY AS MONACO FC","PEM - PEM CLAIREFONTAINE",1,1,NA,17.17,17.17,17.17,15.74,15.74,17.17,17.17,17.17,NA,0.00016,8.02,3,"0","1","0",1,1,1,1,1,12,702,10,NA,6,294,4,NA,8,515,6,1,7,316,3,1
2065,"Milieu",6,"Algérie","CFM - CENTRE DE FORMATION O. DE LYON ET DU RHONE","aucun",1,0,NA,NA,NA,NA,NA,NA,NA,NA,NA,NA,5e-04,13.46,2,"1","0","0",0,1,0,0,NA,NA,NA,NA,NA,1,19,NA,NA,NA,NA,NA,NA,NA,NA,NA,1
2071,"Defenseur",12,"France","CFM - CENTRE DE FORMATION A.S. ST ETIENNE","aucun",1,1,20,20,20,20,20,20,NA,NA,NA,NA,4e-05,13.81,2,"0","1","1",0,0,0,0,NA,NA,NA,NA,NA,NA,NA,NA,NA,NA,NA,NA,NA,NA,NA,NA,1
2090,"Defenseur",9,"France","CFM - ACADEMY AS MONACO FC","PEM - PEM AIX EN PROVENCE",2,0,NA,NA,NA,NA,NA,NA,NA,NA,NA,NA,NA,NA,NA,"inconnu","inconnu","inconnu",0,0,0,1,NA,NA,NA,NA,NA,NA,NA,NA,NA,NA,NA,NA,NA,8,566,6,0
2098,"Gardien de But",2,"France","aucun","aucun",0,1,NA,NA,NA,NA,NA,NA,NA,NA,NA,NA,0,2.96,3,"1","0","1",0,0,0,1,NA,NA,NA,NA,NA,NA,NA,NA,NA,NA,NA,NA,NA,14,1216,14,0
2099,"Defenseur",8,"Sénégal","CFM - CENTRE DE FORMATION O. DE LYON ET DU RHONE","aucun",1,1,NA,NA,NA,NA,NA,NA,NA,NA,NA,NA,0.00051,19.79,3,"1","0","0",0,0,0,0,NA,NA,NA,NA,NA,NA,NA,NA,NA,NA,NA,NA,NA,NA,NA,NA,0
2115,"Attaquant",3,"Cote d'ivoire","CFM - CENTRE DE FORMATION A.S. ST ETIENNE","PEM - PEM REIMS",1,1,NA,NA,NA,NA,NA,NA,NA,NA,NA,NA,0.00084,16.4,3,"0","0","1",1,0,1,0,NA,2,180,2,NA,NA,NA,NA,2,3,190,3,NA,NA,NA,NA,0
2133,"Attaquant",1,"France","aucun","aucun",2,0,13.5,14.43,14.71,14.43,14.71,14.71,14.89,14.52,14.52,13.02,0.00083,8.39,4,"1","1","0",1,0,1,0,1,3,122,1,NA,NA,NA,NA,9,12,671,8,NA,NA,NA,NA,1
2194,"Gardien de But",6,"Congo","CFM - CENTRE DE FORMATION MONTPELLIER HERAULT SP.C.","aucun",2,0,NA,NA,NA,NA,NA,NA,NA,NA,NA,NA,0,10.01,1,"0","0","0",1,0,0,1,NA,1,90,1,NA,NA,NA,NA,NA,NA,NA,NA,NA,5,357,5,0
2231,"Defenseur",10,"France","CFM - CENTRE DE FORMATION VALENCIENNES F.C.","aucun",5,1,NA,NA,NA,NA,NA,NA,NA,NA,NA,NA,7e-05,19.4,3,"1","0","1",1,1,1,1,NA,3,270,3,NA,12,1002,11,1,10,601,7,NA,6,436,5,1
2296,"Milieu",2,"France","CFM - CENTRE DE FORMATION F.C. LORIENT","aucun",0,0,NA,NA,NA,NA,NA,NA,NA,NA,NA,NA,3e-05,10.48,1,"0","0","1",0,0,0,0,NA,NA,NA,NA,NA,NA,NA,NA,NA,NA,NA,NA,NA,NA,NA,NA,0
2309,"Defenseur",7,"France","CFM - CENTRE DE FORMATION LE HAVRE A.C.","aucun",1,0,NA,NA,NA,NA,NA,NA,NA,NA,NA,NA,0,46.39,1,"1","0","0",1,1,1,1,1,15,1194,14,1,17,1453,16,1,5,362,5,NA,12,1023,12,1
2350,"Defenseur",1,"France","CFM - CENTRE DE FORMATION TOULOUSE FOOTBALL CLUB","aucun",1,1,NA,NA,NA,NA,NA,NA,NA,NA,NA,NA,0.00024,29.8,2,"1","1","0",1,1,1,1,NA,4,300,3,NA,5,377,4,NA,2,171,2,NA,20,1552,18,0
2353,"Gardien de But",3,"France","CFM - CENTRE DE FORMATION F.C. LORIENT","aucun",0,1,NA,NA,NA,NA,NA,NA,NA,NA,NA,NA,0,13.82,2,"0","0","1",0,0,1,1,NA,NA,NA,NA,NA,NA,NA,NA,NA,3,270,3,NA,5,450,5,0
2368,"Milieu",2,"France","CFM - CENTRE DE FORMATION O. DE LYON ET DU RHONE","aucun",1,0,NA,15.64,15.64,15.64,14.82,14.82,15.64,15.64,15.64,NA,0.00015,10.66,2,"1","0","0",1,1,1,1,3,12,903,9,2,15,1214,15,1,12,859,10,1,16,1122,13,0
2369,"Attaquant",2,"Cameroun","CFM - CENTRE DE FORMATION F.C. NANTES","aucun",0,1,NA,NA,NA,NA,NA,NA,NA,NA,NA,NA,0.00214,19.46,2,"1","0","0",0,1,0,1,NA,NA,NA,NA,NA,3,182,2,NA,NA,NA,NA,NA,2,104,2,0
2372,"Attaquant",12,"France","CFM - CENTRE DE FORMATION ST. RENNAIS F.C.","PEM - PEM CLAIREFONTAINE",0,0,NA,NA,NA,NA,NA,NA,NA,NA,NA,NA,0.00069,8.06,3,"1","0","1",0,0,0,0,NA,NA,NA,NA,NA,NA,NA,NA,NA,NA,NA,NA,NA,NA,NA,NA,1
2386,"Milieu",2,"France","aucun","aucun",2,0,NA,NA,NA,NA,NA,NA,NA,NA,NA,NA,4e-05,7.31,2,"1","0","0",1,1,1,1,NA,6,368,5,NA,2,115,1,NA,8,564,7,NA,11,634,7,0
2416,"Milieu",3,"France","CFM - CENTRE DE FORMATION O. DE LYON ET DU RHONE","aucun",0,0,NA,NA,NA,NA,NA,NA,NA,NA,NA,NA,0.00114,16.81,1,"1","0","0",0,0,0,0,NA,NA,NA,NA,NA,NA,NA,NA,NA,NA,NA,NA,NA,NA,NA,NA,1
2438,"Defenseur",2,"France","aucun","aucun",0,1,NA,NA,NA,NA,NA,NA,NA,NA,NA,NA,8e-05,12.49,3,"1","0","0",1,0,1,1,NA,1,90,1,NA,NA,NA,NA,NA,2,180,2,NA,13,979,12,0
2444,"Defenseur",1,"France","CFM - CENTRE DE FORMATION TOULOUSE FOOTBALL CLUB","aucun",1,0,18.68,16.92,15.17,16.92,16.51,16.51,15.17,16.92,16.92,18.68,0.00017,9.78,2,"1","1","0",1,0,1,1,NA,8,322,3,NA,NA,NA,NA,NA,6,478,5,1,3,270,3,1
2450,"Defenseur",1,"France","CFM - CENTRE DE FORMATION MONTPELLIER HERAULT SP.C.","aucun",1,0,NA,NA,NA,NA,NA,NA,NA,NA,NA,NA,5e-05,9.92,1,"0","0","0",0,0,1,1,NA,NA,NA,NA,NA,NA,NA,NA,NA,2,136,2,1,12,788,9,0
2465,"Gardien de But",3,"Tunisie","CFM - CENTRE DE FORMATION O.G.C. NICE COTE D'AZUR","aucun",1,1,NA,NA,NA,NA,NA,NA,NA,NA,NA,NA,0,15.19,2,"0","1","1",1,1,1,1,NA,2,180,2,NA,2,180,2,NA,1,90,1,NA,2,180,2,0
2481,"Attaquant",3,"France","aucun","aucun",2,1,NA,NA,NA,NA,NA,NA,NA,NA,NA,NA,0.00089,15.8,1,"1","0","0",0,0,0,1,NA,NA,NA,NA,NA,NA,NA,NA,NA,NA,NA,NA,1,7,427,5,0
2502,"Defenseur",3,"Guadeloupe","CFM - CENTRE DE FORMATION ST. RENNAIS F.C.","aucun",1,1,NA,NA,NA,NA,NA,NA,NA,NA,NA,NA,0,18.99,2,"1","0","1",0,0,1,1,NA,NA,NA,NA,NA,NA,NA,NA,NA,7,608,7,NA,10,841,10,0
2518,"Defenseur",10,"France","CFM - CENTRE DE FORMATION F.C. SOCHAUX MONTBELIARD","aucun",1,0,NA,NA,NA,NA,NA,NA,NA,NA,NA,NA,NA,NA,NA,"inconnu","inconnu","inconnu",0,0,0,0,NA,NA,NA,NA,NA,NA,NA,NA,NA,NA,NA,NA,NA,NA,NA,NA,1
2522,"Gardien de But",3,"France","CFM - CENTRE DE FORMATION LE HAVRE A.C.","aucun",1,0,NA,NA,NA,NA,NA,NA,NA,NA,NA,NA,NA,NA,NA,"inconnu","inconnu","inconnu",0,0,0,0,NA,NA,NA,NA,NA,NA,NA,NA,NA,NA,NA,NA,NA,NA,NA,NA,1
2586,"Milieu",3,"France","CFM - CENTRE DE FORMATION F.C. NANTES","aucun",1,0,NA,NA,NA,NA,NA,NA,NA,NA,NA,NA,0.00932,40.25,1,"0","0","1",0,0,0,0,NA,NA,NA,NA,NA,NA,NA,NA,NA,NA,NA,NA,NA,NA,NA,NA,1
2595,"Defenseur",8,"Cap-Vert","CFM - CENTRE DE FORMATION ST. RENNAIS F.C.","aucun",0,0,NA,NA,NA,NA,NA,NA,NA,NA,NA,NA,NA,NA,NA,"inconnu","inconnu","inconnu",1,0,0,1,NA,1,90,1,NA,NA,NA,NA,NA,NA,NA,NA,NA,7,450,4,0
2609,"Defenseur",7,"France","CFM - LOSC LILLE ASSOCIATION","aucun",4,0,NA,NA,NA,NA,NA,NA,NA,NA,NA,NA,0,9.11,1,"1","0","0",0,0,0,0,NA,NA,NA,NA,NA,NA,NA,NA,NA,NA,NA,NA,NA,NA,NA,NA,1
2612,"Milieu",8,"France","CFM - CENTRE DE FORMATION TOULOUSE FOOTBALL CLUB","aucun",0,0,NA,NA,NA,NA,NA,NA,NA,NA,NA,NA,0.00196,21.25,1,"0","1","0",0,0,0,0,NA,NA,NA,NA,NA,NA,NA,NA,NA,NA,NA,NA,NA,NA,NA,NA,1
2619,"Milieu",4,"France","CFM - CENTRE DE FORMATION F.C. LORIENT","aucun",0,1,NA,NA,NA,NA,NA,NA,NA,NA,NA,NA,5e-05,12.6,3,"0","0","1",0,0,1,1,NA,NA,NA,NA,NA,NA,NA,NA,NA,7,454,4,1,2,76,NA,0
2632,"Attaquant",2,"France","CFM - CENTRE DE FORMATION F.C. DES GIRONDINS DE BORDEAUX","aucun",1,0,NA,NA,NA,NA,NA,NA,NA,NA,NA,NA,0.00279,44.88,1,"0","0","1",0,0,0,0,NA,NA,NA,NA,NA,NA,NA,NA,NA,NA,NA,NA,NA,NA,NA,NA,0
2641,"Attaquant",3,"France","CFM - LOSC LILLE ASSOCIATION","aucun",0,0,NA,NA,NA,NA,NA,NA,NA,NA,NA,NA,0.00132,17.65,3,"1","0","1",0,0,0,0,NA,NA,NA,NA,NA,NA,NA,NA,NA,NA,NA,NA,NA,NA,NA,NA,0
2663,"Milieu",8,"France","aucun","aucun",0,0,NA,NA,NA,NA,NA,NA,NA,NA,NA,NA,NA,NA,NA,"inconnu","inconnu","inconnu",0,0,0,1,NA,NA,NA,NA,NA,NA,NA,NA,NA,NA,NA,NA,NA,7,411,4,1
2670,"Attaquant",6,"Guadeloupe","CFM - CENTRE DE FORMATION EN AVANT GUINGAMP","aucun",0,0,NA,NA,NA,NA,NA,NA,NA,NA,NA,NA,0.00051,16.88,1,"0","0","0",0,0,0,0,NA,NA,NA,NA,NA,NA,NA,NA,NA,NA,NA,NA,NA,NA,NA,NA,1
2687,"Attaquant",1,"France","CFM - CENTRE DE FORMATION O. DE LYON ET DU RHONE","aucun",2,0,NA,NA,NA,NA,NA,NA,NA,NA,NA,NA,NA,0,1,"1","0","0",0,0,0,0,NA,NA,NA,NA,NA,NA,NA,NA,NA,NA,NA,NA,NA,NA,NA,NA,1
2690,"Milieu",11,"France","CFM - CENTRE DE FORMATION ST. MALHERBE CAEN-CALV.B.NORM.","aucun",2,1,NA,NA,NA,NA,NA,NA,NA,NA,NA,NA,0.00062,35.11,1,"0","1","0",0,1,1,1,NA,NA,NA,NA,1,13,774,8,1,6,379,4,1,8,488,5,0
2694,"Defenseur",8,"France","aucun","aucun",5,0,NA,NA,NA,NA,NA,NA,NA,NA,NA,NA,0.00028,15.37,1,"1","0","0",0,0,0,0,NA,NA,NA,NA,NA,NA,NA,NA,NA,NA,NA,NA,NA,NA,NA,NA,0
2711,"Gardien de But",7,"France","aucun","aucun",4,0,NA,NA,NA,NA,NA,NA,NA,NA,NA,NA,0,18.17,2,"1","0","0",1,1,1,1,NA,10,900,10,NA,12,1080,12,NA,5,450,5,NA,3,224,2,0
2716,"Attaquant",4,"France","CFM - CENTRE DE FORMATION ST. RENNAIS F.C.","PEM - PEM PLOUFRAGAN",3,1,13.88,14.54,14.79,14.54,14.54,14.54,14.79,14.54,14.54,13.88,0.00046,7.71,6,"1","1","1",1,1,1,0,12,17,1026,10,4,19,1240,13,4,10,426,4,NA,NA,NA,NA,0
2738,"Milieu",3,"France","CFM - CENTRE DE FORMATION F.C. NANTES","aucun",2,0,NA,NA,NA,NA,NA,NA,NA,NA,NA,NA,NA,NA,NA,"inconnu","inconnu","inconnu",0,0,1,1,NA,NA,NA,NA,NA,NA,NA,NA,2,8,596,6,NA,12,959,11,0
2773,"Milieu",9,"France","CFM - CENTRE DE FORMATION MONTPELLIER HERAULT SP.C.","aucun",0,0,14.35,15.25,13.58,15.25,16.11,16.11,13.19,15.5,15.5,18.59,4e-05,9.52,2,"0","0","0",0,0,1,1,NA,NA,NA,NA,NA,NA,NA,NA,NA,7,346,4,NA,6,342,4,1
2780,"Milieu",5,"France","CFM - CENTRE DE FORMATION F.C. NANTES","PEM - PEM SAINT-SEBASTIEN SUR LOIRE",1,0,15.75,15.19,15.41,15.19,15.39,15.39,14.63,14.76,14.76,14.83,0.00012,8.85,2,"1","1","0",1,1,1,0,NA,3,115,1,1,6,216,3,NA,3,111,2,NA,NA,NA,NA,0
2784,"Defenseur",11,"France","CFM - CENTRE DE FORMATION ST. LAVALLOIS F.C.","aucun",0,1,NA,NA,NA,NA,NA,NA,NA,NA,NA,NA,6e-05,23.26,3,"1","0","0",0,0,1,1,NA,NA,NA,NA,NA,NA,NA,NA,NA,2,180,2,NA,1,44,NA,0
2797,"Defenseur",3,"France","CFM - CENTRE DE FORMATION LE HAVRE A.C.","aucun",0,0,14.51,15.13,15.13,15.13,15.13,15.13,NA,NA,NA,NA,6e-05,6.76,4,"1","1","1",0,1,0,1,NA,NA,NA,NA,NA,6,387,3,NA,NA,NA,NA,2,11,784,9,0
2804,"Gardien de But",4,"France","CFM - CENTRE DE FORMATION F.C. LORIENT","aucun",0,0,NA,NA,NA,NA,NA,NA,NA,NA,NA,NA,NA,NA,NA,"inconnu","inconnu","inconnu",0,0,0,1,NA,NA,NA,NA,NA,NA,NA,NA,NA,NA,NA,NA,NA,4,360,4,0
2809,"Defenseur",5,"France","CFM - CENTRE DE FORMATION F.C. SOCHAUX MONTBELIARD","aucun",0,1,NA,NA,NA,NA,NA,NA,NA,NA,NA,NA,0.00011,15.73,3,"1","0","1",1,1,0,1,2,12,815,8,NA,7,449,4,NA,NA,NA,NA,NA,1,35,NA,0
2819,"Attaquant",5,"Congo","aucun","aucun",0,1,NA,NA,NA,NA,NA,NA,NA,NA,NA,NA,0.00154,8.68,3,"1","1","1",0,0,0,0,NA,NA,NA,NA,NA,NA,NA,NA,NA,NA,NA,NA,NA,NA,NA,NA,0
2824,"Attaquant",11,"France","aucun","PEM - PEM CLAIREFONTAINE",6,0,NA,NA,NA,NA,NA,NA,NA,NA,NA,NA,0.00079,6.98,1,"1","0","0",1,0,0,1,NA,3,118,1,NA,NA,NA,NA,NA,NA,NA,NA,NA,3,178,2,0
2837,"Milieu",3,"France","aucun","aucun",0,0,NA,NA,NA,NA,NA,NA,NA,NA,NA,NA,3e-04,12.71,1,"1","0","0",1,1,1,1,NA,2,154,2,2,9,678,7,NA,6,428,5,NA,6,350,4,1
2842,"Milieu",6,"France","CFM - CENTRE DE FORMATION R.C. LENSOIS","aucun",0,0,NA,NA,NA,NA,NA,NA,NA,NA,NA,NA,0.00019,11.43,2,"0","1","1",0,0,0,1,NA,NA,NA,NA,NA,NA,NA,NA,NA,NA,NA,NA,NA,1,31,NA,0
2851,"Gardien de But",4,"France","CFM - CENTRE DE FORMATION F.C. METZ","aucun",1,1,NA,16.48,15.35,16.48,16.48,16.48,15.35,16.48,16.48,19.12,0,10.32,2,"0","0","1",1,0,1,1,NA,7,600,7,NA,NA,NA,NA,NA,5,406,5,NA,4,360,4,1
2863,"Milieu",10,"France","CFM - ACADEMY AS MONACO FC","aucun",0,1,NA,NA,NA,NA,NA,NA,NA,NA,NA,NA,0.00011,7.67,2,"0","1","1",0,0,0,0,NA,NA,NA,NA,NA,NA,NA,NA,NA,NA,NA,NA,NA,NA,NA,NA,0
2876,"Attaquant",5,"France","CFM - CENTRE DE FORMATION ST. RENNAIS F.C.","aucun",5,1,NA,NA,NA,NA,NA,NA,NA,NA,NA,NA,0.00125,20.9,2,"1","0","0",0,1,1,1,NA,NA,NA,NA,NA,8,523,7,NA,5,372,4,1,3,172,2,1
2907,"Milieu",11,"France","CFM - CENTRE DE FORMATION ST. RENNAIS F.C.","aucun",0,1,15.43,15.43,NA,15.43,15.43,15.43,NA,15.43,15.43,15.43,8e-05,8.02,2,"1","0","0",0,0,0,0,NA,NA,NA,NA,NA,NA,NA,NA,NA,NA,NA,NA,NA,NA,NA,NA,1
2923,"Attaquant",3,"Guadeloupe","CFM - CENTRE DE FORMATION ST. MALHERBE CAEN-CALV.B.NORM.","aucun",1,0,NA,NA,NA,NA,NA,NA,NA,NA,NA,NA,NA,NA,NA,"inconnu","inconnu","inconnu",1,1,1,1,6,11,630,7,6,20,1227,14,1,5,251,3,1,14,1018,12,0
2939,"Milieu",3,"France","CFM - CENTRE DE FORMATION MONTPELLIER HERAULT SP.C.","aucun",1,0,NA,NA,NA,NA,NA,NA,NA,NA,NA,NA,NA,NA,NA,"inconnu","inconnu","inconnu",0,0,0,0,NA,NA,NA,NA,NA,NA,NA,NA,NA,NA,NA,NA,NA,NA,NA,NA,1
2940,"Attaquant",9,"France","CFM - CENTRE DE FORMATION O. DE LYON ET DU RHONE","aucun",0,0,11.4,11.4,NA,11.4,11.4,11.4,NA,11.4,11.4,11.4,0.00037,7.02,4,"1","0","0",0,0,0,0,NA,NA,NA,NA,NA,NA,NA,NA,NA,NA,NA,NA,NA,NA,NA,NA,0
2943,"Milieu",9,"Algérie","CFM - CENTRE DE FORMATION O. DE LYON ET DU RHONE","aucun",1,0,NA,NA,NA,NA,NA,NA,NA,NA,NA,NA,0.00105,10.82,1,"1","0","0",1,1,1,1,NA,3,189,1,2,6,424,4,10,9,574,7,1,16,1202,14,1
2962,"Milieu",1,"France","aucun","aucun",4,0,NA,NA,NA,NA,NA,NA,NA,NA,NA,NA,0,24.9,1,"1","0","0",0,0,0,1,NA,NA,NA,NA,NA,NA,NA,NA,NA,NA,NA,NA,1,13,875,11,0
2971,"Milieu",4,"France","CFM - CENTRE DE FORMATION AS NANCY LORRAINE","aucun",0,0,NA,NA,NA,NA,NA,NA,NA,NA,NA,NA,0,24.08,1,"0","1","0",0,1,0,1,NA,NA,NA,NA,NA,8,620,7,NA,NA,NA,NA,NA,5,349,4,0
3008,"Milieu",7,"France","CFM - CENTRE DE FORMATION F.C. DES GIRONDINS DE BORDEAUX","aucun",0,0,NA,NA,NA,NA,NA,NA,NA,NA,NA,NA,0.00029,9.96,3,"0","0","1",0,0,1,1,NA,NA,NA,NA,NA,NA,NA,NA,NA,1,44,NA,NA,4,263,4,0
3025,"Attaquant",8,"France","CFM - CENTRE DE FORMATION F.C. SOCHAUX MONTBELIARD","aucun",2,0,NA,NA,NA,NA,NA,NA,NA,NA,NA,NA,0.00083,16.46,2,"0","0","1",0,1,1,1,NA,NA,NA,NA,NA,4,178,1,3,5,313,4,NA,15,549,4,0
3035,"Defenseur",1,"Bénin","CFM - CENTRE DE FORMATION ST. RENNAIS F.C.","aucun",0,0,NA,NA,NA,NA,NA,NA,NA,NA,NA,NA,0,0,1,"0","0","0",1,1,1,0,NA,2,112,1,NA,1,90,1,NA,1,90,1,NA,NA,NA,NA,1
3050,"Milieu",6,"France","CFM - CENTRE DE FORMATION ST. MALHERBE CAEN-CALV.B.NORM.","aucun",1,0,NA,NA,NA,NA,NA,NA,NA,NA,NA,NA,0.00021,9.34,3,"0","1","0",1,1,1,1,1,7,479,5,NA,15,996,11,NA,1,65,1,NA,2,87,1,0
3094,"Milieu",9,"France","CFM - CENTRE DE FORMATION TOULOUSE FOOTBALL CLUB","aucun",0,0,NA,NA,NA,NA,NA,NA,NA,NA,NA,NA,0.00047,54.36,1,"0","1","0",0,1,0,1,NA,NA,NA,NA,NA,4,223,2,NA,NA,NA,NA,1,15,900,10,0
3104,"Milieu",2,"Burkina Faso","CFM - CENTRE DE FORMATION MONTPELLIER HERAULT SP.C.","PEM - PEM AIX EN PROVENCE",0,1,NA,NA,NA,NA,NA,NA,NA,NA,NA,NA,NA,NA,1,"0","0","0",0,0,0,0,NA,NA,NA,NA,NA,NA,NA,NA,NA,NA,NA,NA,NA,NA,NA,NA,1
3114,"Milieu",7,"Cameroun","CFM - CENTRE DE FORMATION A.J. AUXERROISE","aucun",0,0,NA,NA,NA,NA,NA,NA,NA,NA,NA,NA,NA,NA,1,"0","0","0",0,0,1,1,NA,NA,NA,NA,NA,NA,NA,NA,NA,1,29,NA,NA,2,56,NA,0
3118,"Attaquant",7,"France","aucun","aucun",4,1,14.56,14.56,14.56,14.56,14.56,14.56,NA,NA,NA,NA,0.00055,12.18,3,"1","0","1",0,0,1,1,NA,NA,NA,NA,NA,NA,NA,NA,2,11,583,6,2,16,1147,15,0
3136,"Milieu",5,"Maroc","CFM - CENTRE DE FORMATION F.C. NANTES","aucun",0,0,NA,NA,NA,NA,NA,NA,NA,NA,NA,NA,0.00039,15.11,1,"0","1","0",0,0,0,0,NA,NA,NA,NA,NA,NA,NA,NA,NA,NA,NA,NA,NA,NA,NA,NA,0
3160,"Defenseur",2,"France","CFM - CENTRE DE FORMATION O. DE MARSEILLE - O.M.","aucun",1,0,NA,NA,NA,NA,NA,NA,NA,NA,NA,NA,0.00031,25.9,3,"1","0","0",0,0,0,0,NA,NA,NA,NA,NA,NA,NA,NA,NA,NA,NA,NA,NA,NA,NA,NA,0
3176,"Defenseur",3,"France","CFM - CENTRE DE FORMATION O.G.C. NICE COTE D'AZUR","aucun",0,1,NA,NA,NA,NA,NA,NA,NA,NA,NA,NA,2e-05,8.85,2,"0","1","0",0,1,1,0,NA,NA,NA,NA,NA,6,540,6,NA,8,449,4,NA,NA,NA,NA,0
3226,"Defenseur",6,"France","aucun","aucun",2,1,9.46,13.86,14.96,13.86,14.96,14.96,14.96,13.86,13.86,9.46,0.00012,8.06,3,"1","1","0",1,1,1,0,4,11,841,8,NA,18,1594,18,1,12,909,10,NA,NA,NA,NA,0
3264,"Gardien de But",2,"France","aucun","PEM - PEM CLAIREFONTAINE",3,0,NA,NA,NA,NA,NA,NA,NA,NA,NA,NA,NA,NA,1,"1","0","0",0,1,1,1,NA,NA,NA,NA,NA,10,900,10,NA,4,360,4,NA,8,750,8,0
3378,"Defenseur",11,"France","CFM - CENTRE DE FORMATION O.G.C. NICE COTE D'AZUR","aucun",1,1,NA,NA,NA,NA,NA,NA,NA,NA,NA,NA,0,16.46,3,"1","1","0",0,1,1,1,NA,NA,NA,NA,NA,3,270,3,NA,5,369,4,NA,16,1129,14,0
3442,"Defenseur",9,"France","CFM - CENTRE DE FORMATION F.C. NANTES","aucun",0,0,NA,NA,NA,NA,NA,NA,NA,NA,NA,NA,0,90,1,"0","1","0",0,0,0,0,NA,NA,NA,NA,NA,NA,NA,NA,NA,NA,NA,NA,NA,NA,NA,NA,1
3466,"Defenseur",2,"France","aucun","aucun",4,0,NA,NA,NA,NA,NA,NA,NA,NA,NA,NA,0,11.71,1,"1","0","0",0,0,0,0,NA,NA,NA,NA,NA,NA,NA,NA,NA,NA,NA,NA,NA,NA,NA,NA,1
3498,"Milieu",8,"Cameroun","CFM - CENTRE DE FORMATION ESPER. TROYES AUBE CHAMPAGNE","aucun",1,1,18.28,18.28,18.28,18.28,18.28,18.28,NA,NA,NA,NA,0.00078,13.76,2,"1","0","0",0,1,0,0,NA,NA,NA,NA,NA,1,33,NA,NA,NA,NA,NA,NA,NA,NA,NA,0
3499,"Attaquant",7,"France","CFM - CENTRE DE FORMATION ST. MALHERBE CAEN-CALV.B.NORM.","aucun",0,1,NA,NA,NA,NA,NA,NA,NA,NA,NA,NA,0.00045,9.88,4,"1","1","1",1,1,1,1,3,8,469,5,NA,5,212,3,1,1,65,1,1,5,298,4,0
3506,"Gardien de But",10,"France","aucun","PEM - PEM CLAIREFONTAINE",1,0,NA,NA,NA,NA,NA,NA,NA,NA,NA,NA,0,27.46,2,"0","0","1",0,0,0,1,NA,NA,NA,NA,NA,NA,NA,NA,NA,NA,NA,NA,NA,3,224,2,0
3508,"Milieu",2,"France","CFM - CENTRE DE FORMATION TOULOUSE FOOTBALL CLUB","aucun",1,0,NA,NA,NA,NA,NA,NA,NA,NA,NA,NA,0,6,1,"0","1","0",0,0,0,0,NA,NA,NA,NA,NA,NA,NA,NA,NA,NA,NA,NA,NA,NA,NA,NA,0
3509,"Milieu",3,"France","CFM - CENTRE DE FORMATION F.C. DES GIRONDINS DE BORDEAUX","aucun",1,0,NA,NA,NA,NA,NA,NA,NA,NA,NA,NA,NA,NA,NA,"inconnu","inconnu","inconnu",0,0,0,0,NA,NA,NA,NA,NA,NA,NA,NA,NA,NA,NA,NA,NA,NA,NA,NA,1
3517,"Milieu",4,"France","CFM - CENTRE DE FORMATION ST. RENNAIS F.C.","PEM - PEM PLOUFRAGAN",1,0,NA,NA,NA,NA,NA,NA,NA,NA,NA,NA,5e-05,20.25,1,"1","0","0",0,1,1,1,NA,NA,NA,NA,NA,7,513,5,NA,1,63,1,NA,11,618,6,0
3529,"Defenseur",2,"France","CFM - CENTRE DE FORMATION TOULOUSE FOOTBALL CLUB","aucun",1,0,NA,NA,NA,NA,NA,NA,NA,NA,NA,NA,3e-05,21.13,1,"0","1","0",0,1,1,1,NA,NA,NA,NA,NA,6,337,3,NA,1,59,1,NA,5,450,5,1
3532,"Milieu",2,"République Centrafricaine","CFM - CENTRE DE FORMATION R.C. LENSOIS","aucun",3,1,NA,NA,NA,NA,NA,NA,NA,NA,NA,NA,0.00021,21.17,2,"0","1","0",0,1,1,1,NA,NA,NA,NA,NA,6,387,5,5,12,847,9,NA,12,814,9,0
3563,"Milieu",5,"France","aucun","aucun",5,0,NA,NA,NA,NA,NA,NA,NA,NA,NA,NA,0.00038,9.9,3,"1","0","0",1,1,1,1,7,9,591,6,NA,14,895,10,2,6,376,5,2,10,363,4,0
3614,"Defenseur",5,"France","CFM - CENTRE DE FORMATION F.C. METZ","aucun",0,1,14.19,13.48,13.22,13.48,13.69,13.69,13.22,13.48,13.48,14.19,9e-05,7.68,3,"0","1","1",1,1,1,0,NA,6,383,5,NA,2,102,1,NA,1,46,1,NA,NA,NA,NA,0
3680,"Attaquant",3,"France","CFM - CENTRE DE FORMATION A.S. ST ETIENNE","PEM - PEM CLAIREFONTAINE",1,1,NA,NA,NA,NA,NA,NA,NA,NA,NA,NA,0.00028,11.19,5,"0","1","1",1,1,0,0,3,11,677,8,1,7,501,6,NA,NA,NA,NA,NA,NA,NA,NA,0
3709,"Gardien de But",9,"France","CFM - ACADEMY AS MONACO FC","aucun",0,0,NA,NA,NA,NA,NA,NA,NA,NA,NA,NA,NA,NA,NA,"inconnu","inconnu","inconnu",0,0,0,0,NA,NA,NA,NA,NA,NA,NA,NA,NA,NA,NA,NA,NA,NA,NA,NA,1
3737,"Defenseur",4,"Mali","CFM - ACADEMY AS MONACO FC","aucun",1,1,NA,NA,NA,NA,NA,NA,NA,NA,NA,NA,0.00019,12.05,2,"0","1","0",0,0,0,0,NA,NA,NA,NA,NA,NA,NA,NA,NA,NA,NA,NA,NA,NA,NA,NA,1
3740,"Attaquant",7,"France","CFM - CENTRE DE FORMATION F.C. DES GIRONDINS DE BORDEAUX","PEM - PEM CLAIREFONTAINE",0,1,18.36,13.67,13.67,13.67,13.67,13.67,11.32,11.32,11.32,NA,0.00036,6.25,3,"0","0","1",1,1,0,0,1,2,79,1,NA,4,133,2,NA,NA,NA,NA,NA,NA,NA,NA,0
3750,"Milieu",8,"France","aucun","aucun",0,0,NA,NA,NA,NA,NA,NA,NA,NA,NA,NA,0.00163,11.62,2,"1","0","0",1,0,0,1,NA,2,74,1,NA,NA,NA,NA,NA,NA,NA,NA,2,3,247,3,1
3752,"Attaquant",6,"France","aucun","aucun",5,1,NA,NA,NA,NA,NA,NA,NA,NA,NA,NA,0.00141,11.74,2,"1","0","0",1,1,1,1,5,11,715,9,NA,8,571,8,1,4,252,3,1,3,188,2,1
3763,"Attaquant",5,"France","aucun","aucun",4,0,NA,NA,NA,NA,NA,NA,NA,NA,NA,NA,0.00226,9.23,1,"1","0","0",0,0,1,1,NA,NA,NA,NA,NA,NA,NA,NA,3,6,495,5,2,12,848,10,0
3791,"Attaquant",7,"France","CFM - CENTRE DE FORMATION ST. RENNAIS F.C.","aucun",0,1,NA,NA,NA,NA,NA,NA,NA,NA,NA,NA,0.00043,14.3,2,"1","1","0",0,0,0,0,NA,NA,NA,NA,NA,NA,NA,NA,NA,NA,NA,NA,NA,NA,NA,NA,1
3831,"Milieu",4,"France","aucun","aucun",5,0,NA,NA,NA,NA,NA,NA,NA,NA,NA,NA,0.00031,12.87,1,"1","0","0",1,1,1,1,NA,2,61,1,NA,5,197,2,1,1,90,1,NA,20,1644,20,0
3872,"Milieu",12,"France","aucun","aucun",0,0,NA,NA,NA,NA,NA,NA,NA,NA,NA,NA,0.00028,34.1,2,"1","0","1",0,0,0,0,NA,NA,NA,NA,NA,NA,NA,NA,NA,NA,NA,NA,NA,NA,NA,NA,1
3895,"Attaquant",1,"France","aucun","aucun",0,1,NA,NA,NA,NA,NA,NA,NA,NA,NA,NA,0.00031,7.44,3,"1","1","1",0,0,0,1,NA,NA,NA,NA,NA,NA,NA,NA,NA,NA,NA,NA,2,3,223,3,0
3919,"Defenseur",5,"France","CFM - ACADEMY AS MONACO FC","PEM - PEM REIMS",2,1,14.1,13.15,12.67,13.15,12.67,12.67,12.67,13.15,13.15,14.1,4e-05,5.77,6,"0","1","1",1,1,1,0,NA,8,581,6,NA,15,1090,12,1,12,881,10,NA,NA,NA,NA,0
3923,"Gardien de But",2,"France","CFM - CENTRE DE FORMATION O. DE MARSEILLE - O.M.","aucun",3,0,NA,NA,NA,NA,NA,NA,NA,NA,NA,NA,0,18.12,2,"1","0","0",1,1,1,1,NA,13,1082,13,NA,7,630,7,NA,3,270,3,NA,11,946,11,0
3929,"Milieu",10,"France","CFM - CENTRE DE FORMATION ST. MALHERBE CAEN-CALV.B.NORM.","PEM - PEM PLOUFRAGAN",1,0,15.98,16.61,15.43,16.61,16.43,16.43,17.24,17.47,17.47,17.78,7e-05,8.17,3,"1","1","0",1,1,1,0,NA,3,131,2,NA,18,910,10,NA,4,235,2,NA,NA,NA,NA,0
3960,"Defenseur",9,"France","aucun","PEM - PEM LIEVIN",2,0,NA,NA,NA,NA,NA,NA,NA,NA,NA,NA,0,11.26,2,"1","1","0",0,0,0,0,NA,NA,NA,NA,NA,NA,NA,NA,NA,NA,NA,NA,NA,NA,NA,NA,1
3967,"Defenseur",6,"France","CFM - CENTRE DE FORMATION O. DE LYON ET DU RHONE","aucun",0,1,NA,NA,NA,NA,NA,NA,NA,NA,NA,NA,4e-05,12.77,3,"1","0","0",0,0,1,1,NA,NA,NA,NA,NA,NA,NA,NA,NA,5,362,4,NA,12,960,10,0
3977,"Attaquant",3,"France","CFM - CENTRE DE FORMATION ST. RENNAIS F.C.","PEM - PEM SAINT-SEBASTIEN SUR LOIRE",0,0,16.75,15.57,15.68,15.57,14.32,14.32,15.68,15.57,15.57,15.46,0.00059,6.22,6,"1","1","0",1,1,0,1,4,7,377,4,NA,7,401,4,NA,NA,NA,NA,6,11,722,8,0
3982,"Milieu",9,"France","CFM - CENTRE DE FORMATION R.C. LENSOIS","aucun",0,1,NA,NA,NA,NA,NA,NA,NA,NA,NA,NA,0,40.25,2,"0","1","0",0,0,1,1,NA,NA,NA,NA,NA,NA,NA,NA,1,3,224,2,1,9,428,3,0
4017,"Defenseur",6,"France","aucun","aucun",0,0,18.51,18.51,18.51,18.51,18.51,18.51,NA,NA,NA,NA,0,9.24,5,"1","1","1",0,0,0,0,NA,NA,NA,NA,NA,NA,NA,NA,NA,NA,NA,NA,NA,NA,NA,NA,0
4041,"Defenseur",7,"France","aucun","aucun",1,0,NA,NA,NA,NA,NA,NA,NA,NA,NA,NA,0.00027,22.22,2,"0","0","1",0,0,0,0,NA,NA,NA,NA,NA,NA,NA,NA,NA,NA,NA,NA,NA,NA,NA,NA,1
4050,"Attaquant",6,"Cote d'ivoire","CFM - CENTRE DE FORMATION A.J. AUXERROISE","aucun",0,1,NA,NA,NA,NA,NA,NA,NA,NA,NA,NA,0.00338,43.86,1,"0","0","1",1,1,1,1,NA,1,41,1,NA,12,809,11,3,4,176,2,2,7,319,3,0
4062,"Milieu",12,"France","aucun","aucun",0,1,NA,NA,NA,NA,NA,NA,NA,NA,NA,NA,0.0021,25.08,1,"0","0","0",0,0,0,0,NA,NA,NA,NA,NA,NA,NA,NA,NA,NA,NA,NA,NA,NA,NA,NA,1
4084,"Milieu",2,"France","CFM - CENTRE DE FORMATION F.C. SOCHAUX MONTBELIARD","aucun",2,1,14.15,15.3,15.73,15.3,16.02,16.02,15.73,15.3,15.3,14.15,3e-05,8.42,7,"1","1","1",1,1,1,0,2,4,285,4,1,19,1410,17,4,11,774,9,NA,NA,NA,NA,0
4106,"Milieu",7,"France","CFM - ACADEMY AS MONACO FC","aucun",1,1,NA,16.1,16.1,16.1,14.07,14.07,16.1,15.94,15.94,NA,0.00025,6.58,5,"0","1","1",1,1,1,0,2,10,720,9,NA,17,962,9,1,6,238,2,NA,NA,NA,NA,1
4111,"Gardien de But",11,"France","CFM - LOSC LILLE ASSOCIATION","PEM - PEM LIEVIN",0,0,15.05,17.98,18.71,17.98,18.71,18.71,18.71,18.71,18.71,15.05,0,10.85,3,"1","0","1",1,0,1,0,NA,1,90,1,NA,NA,NA,NA,NA,4,360,4,NA,NA,NA,NA,0
4126,"Milieu",11,"France","CFM - CENTRE DE FORMATION O. DE MARSEILLE - O.M.","aucun",1,0,NA,NA,NA,NA,NA,NA,NA,NA,NA,NA,4e-05,12.47,1,"1","0","0",0,1,1,1,NA,NA,NA,NA,NA,9,701,9,NA,9,810,9,NA,14,1137,14,0
4134,"Gardien de But",3,"France","aucun","aucun",0,0,NA,NA,NA,NA,NA,NA,NA,NA,NA,NA,NA,NA,NA,"inconnu","inconnu","inconnu",0,0,1,1,NA,NA,NA,NA,NA,NA,NA,NA,NA,7,630,7,NA,9,810,9,0
4145,"Gardien de But",4,"France","CFM - CENTRE DE FORMATION F.C. SOCHAUX MONTBELIARD","aucun",0,0,NA,NA,NA,NA,NA,NA,NA,NA,NA,NA,0,17.16,1,"0","0","1",1,0,0,0,NA,1,90,1,NA,NA,NA,NA,NA,NA,NA,NA,NA,NA,NA,NA,0
4149,"Attaquant",2,"Algérie","CFM - CENTRE DE FORMATION O. DE LYON ET DU RHONE","aucun",0,0,NA,16.4,16.4,16.4,15.73,15.73,16.4,16.4,16.4,NA,0.00076,10.49,3,"1","1","0",1,1,1,1,4,11,561,6,5,13,955,11,5,5,316,4,3,8,315,2,0
4153,"Defenseur",4,"France","CFM - CENTRE DE FORMATION R.C. LENSOIS","PEM - PEM LIEVIN",5,1,NA,NA,NA,NA,NA,NA,NA,NA,NA,NA,0.00017,19.15,1,"1","0","0",0,0,1,0,NA,NA,NA,NA,NA,NA,NA,NA,1,2,135,2,NA,NA,NA,NA,0
4154,"Milieu",3,"France","CFM - CENTRE DE FORMATION ST. MALHERBE CAEN-CALV.B.NORM.","aucun",0,1,15.6,15.03,14.6,15.03,15.03,15.03,14.6,15.03,15.03,15.6,4e-05,9,3,"0","1","0",0,1,1,1,NA,NA,NA,NA,NA,1,67,1,NA,6,367,4,NA,2,31,NA,1
4164,"Defenseur",5,"Espagne","aucun","aucun",1,1,NA,NA,NA,NA,NA,NA,NA,NA,NA,NA,0.00014,21.62,1,"0","0","1",0,1,1,1,NA,NA,NA,NA,NA,11,615,5,NA,9,668,8,NA,12,1066,12,1
4177,"Attaquant",1,"France","CFM - CENTRE DE FORMATION A.J. AUXERROISE","aucun",4,1,NA,NA,NA,NA,NA,NA,NA,NA,NA,NA,0.00223,21.05,2,"0","0","1",0,1,0,1,NA,NA,NA,NA,4,16,1228,14,NA,NA,NA,NA,2,9,430,3,0
4186,"Defenseur",5,"France","CFM - CENTRE DE FORMATION O. DE LYON ET DU RHONE","aucun",0,1,14.65,15.45,15.51,15.45,15.96,15.96,15.51,16.25,16.25,14.65,5e-05,7.81,4,"1","0","0",1,1,0,1,NA,2,72,1,NA,1,71,1,NA,NA,NA,NA,NA,3,247,3,1
4190,"Defenseur",8,"Cote d'ivoire","CFM - CENTRE DE FORMATION A.J. AUXERROISE","aucun",0,1,NA,NA,NA,NA,NA,NA,NA,NA,NA,NA,9e-05,13.54,2,"1","0","0",1,1,1,1,NA,5,326,4,NA,1,90,1,NA,2,180,2,NA,1,90,1,0
4191,"Defenseur",11,"France","CFM - CENTRE DE FORMATION O. DE MARSEILLE - O.M.","aucun",0,1,NA,NA,NA,NA,NA,NA,NA,NA,NA,NA,9e-05,13.39,5,"1","1","1",0,0,1,1,NA,NA,NA,NA,NA,NA,NA,NA,NA,1,90,1,NA,2,104,1,1
4196,"Milieu",3,"France","CFM - CENTRE DE FORMATION TOULOUSE FOOTBALL CLUB","aucun",0,0,14.42,14.98,14.98,14.98,14.42,14.42,15.54,15.54,15.54,NA,0.00045,10.62,1,"0","1","0",0,1,0,1,NA,NA,NA,NA,3,NA,NA,NA,NA,NA,NA,NA,NA,5,202,2,1
4212,"Milieu",8,"France","CFM - CENTRE DE FORMATION VALENCIENNES F.C.","aucun",1,0,NA,NA,NA,NA,NA,NA,NA,NA,NA,NA,0.00117,25.12,2,"0","0","1",0,1,1,1,NA,NA,NA,NA,NA,7,630,7,NA,4,299,4,NA,15,1262,14,0
4223,"Defenseur",6,"France","CFM - CENTRE DE FORMATION O. DE MARSEILLE - O.M.","aucun",0,0,NA,NA,NA,NA,NA,NA,NA,NA,NA,NA,0.00687,32.33,2,"1","0","0",0,0,1,0,NA,NA,NA,NA,NA,NA,NA,NA,NA,2,104,1,NA,NA,NA,NA,1
4274,"Gardien de But",2,"France","CFM - LOSC LILLE ASSOCIATION","aucun",0,0,15.43,10.45,6.71,10.45,11.98,11.98,6.71,12.28,11.01,15.43,0,8.19,5,"1","0","0",1,1,0,0,NA,4,360,4,NA,3,270,3,NA,NA,NA,NA,NA,NA,NA,NA,0
4278,"Defenseur",1,"Algérie","aucun","aucun",0,1,NA,18.43,18.43,18.43,18.43,18.43,18.43,18.43,18.43,NA,0.00019,6.35,6,"1","1","0",0,0,0,0,NA,NA,NA,NA,NA,NA,NA,NA,NA,NA,NA,NA,NA,NA,NA,NA,1
4302,"Attaquant",6,"France","aucun","aucun",9,1,NA,NA,NA,NA,NA,NA,NA,NA,NA,NA,0.00053,8.42,3,"1","0","0",1,1,1,1,1,9,596,6,NA,8,707,8,1,6,441,5,NA,7,469,5,1
4310,"Defenseur",4,"France","aucun","aucun",2,0,NA,NA,NA,NA,NA,NA,NA,NA,NA,NA,0,7.85,2,"1","1","0",1,1,0,1,NA,5,324,4,NA,3,117,2,NA,NA,NA,NA,NA,3,231,3,0
4332,"Attaquant",8,"France","aucun","aucun",0,1,17.68,17.68,NA,17.68,17.68,17.68,NA,17.68,17.68,17.68,0.00037,7.66,5,"0","1","1",1,1,0,0,1,7,353,4,NA,2,105,1,NA,NA,NA,NA,NA,NA,NA,NA,0
4333,"Attaquant",6,"France","aucun","aucun",5,1,NA,NA,NA,NA,NA,NA,NA,NA,NA,NA,0.0014,8.21,2,"1","0","0",1,1,1,1,2,7,377,4,NA,2,86,1,1,4,251,3,2,13,1061,13,0
4353,"Attaquant",8,"France","CFM - CENTRE DE FORMATION O.G.C. NICE COTE D'AZUR","aucun",2,1,NA,NA,NA,NA,NA,NA,NA,NA,NA,NA,0.00082,11.98,4,"1","1","1",1,1,0,1,6,13,909,9,2,8,694,8,NA,NA,NA,NA,3,12,995,12,1
4357,"Attaquant",1,"France","CFM - CENTRE DE FORMATION R.C. LENSOIS","aucun",0,0,NA,NA,NA,NA,NA,NA,NA,NA,NA,NA,0.00045,9.5,2,"0","1","0",1,0,1,1,NA,3,150,2,NA,NA,NA,NA,1,4,224,2,NA,3,83,NA,0
4363,"Defenseur",10,"France","aucun","aucun",0,0,NA,NA,NA,NA,NA,NA,NA,NA,NA,NA,9e-05,13.55,4,"0","0","1",0,0,0,0,NA,NA,NA,NA,NA,NA,NA,NA,NA,NA,NA,NA,NA,NA,NA,NA,1
4377,"Milieu",1,"France","CFM - ACADEMY AS MONACO FC","PEM - PEM AIX EN PROVENCE",1,1,NA,NA,NA,NA,NA,NA,NA,NA,NA,NA,0.00012,14.54,2,"0","1","0",0,0,0,0,NA,NA,NA,NA,NA,NA,NA,NA,NA,NA,NA,NA,NA,NA,NA,NA,1
4392,"Defenseur",5,"France","CFM - CENTRE DE FORMATION MONTPELLIER HERAULT SP.C.","aucun",0,0,NA,NA,NA,NA,NA,NA,NA,NA,NA,NA,0,105,1,"0","0","0",0,0,0,0,NA,NA,NA,NA,NA,NA,NA,NA,NA,NA,NA,NA,NA,NA,NA,NA,1
4395,"Attaquant",5,"France","CFM - CENTRE DE FORMATION O. DE LYON ET DU RHONE","aucun",4,0,NA,NA,NA,NA,NA,NA,NA,NA,NA,NA,0.00159,16.13,1,"1","0","0",0,0,1,1,NA,NA,NA,NA,NA,NA,NA,NA,1,3,218,3,1,10,319,2,0
4397,"Gardien de But",12,"France","CFM - CENTRE DE FORMATION O.G.C. NICE COTE D'AZUR","aucun",2,0,NA,NA,NA,NA,NA,NA,NA,NA,NA,NA,NA,NA,NA,"inconnu","inconnu","inconnu",0,0,0,0,NA,NA,NA,NA,NA,NA,NA,NA,NA,NA,NA,NA,NA,NA,NA,NA,1
4414,"Milieu",1,"France","CFM - CENTRE DE FORMATION R.C. LENSOIS","aucun",3,0,NA,NA,NA,NA,NA,NA,NA,NA,NA,NA,0.00321,62.4,1,"0","1","0",1,0,1,1,1,9,454,5,NA,NA,NA,NA,NA,5,216,2,NA,3,225,3,1
4432,"Milieu",3,"France","CFM - ACADEMY AS MONACO FC","aucun",2,1,NA,NA,NA,NA,NA,NA,NA,NA,NA,NA,4e-05,13.15,4,"1","1","1",0,0,1,1,NA,NA,NA,NA,NA,NA,NA,NA,NA,3,104,1,NA,5,174,1,0
4443,"Attaquant",1,"France","aucun","aucun",6,1,NA,NA,NA,NA,20,20,NA,NA,NA,NA,0.00037,28.73,4,"1","1","0",0,1,1,1,NA,NA,NA,NA,2,12,824,10,4,9,624,7,2,13,721,7,1
4444,"Attaquant",6,"France","CFM - CENTRE DE FORMATION ST DE REIMS","aucun",0,1,12.49,13.51,13.66,13.51,13.9,13.9,14.91,14.72,14.72,14.63,0.00034,6.8,4,"1","0","1",0,0,0,0,NA,NA,NA,NA,NA,NA,NA,NA,NA,NA,NA,NA,NA,NA,NA,NA,0
4476,"Milieu",3,"France","CFM - ACADEMY AS MONACO FC","aucun",1,0,NA,NA,NA,NA,NA,NA,NA,NA,NA,NA,0,59.67,1,"0","1","0",0,0,0,1,NA,NA,NA,NA,NA,NA,NA,NA,NA,NA,NA,NA,NA,2,56,1,0
4509,"Defenseur",8,"France","aucun","aucun",0,0,NA,NA,NA,NA,NA,NA,NA,NA,NA,NA,0,26.86,2,"0","0","0",0,0,0,0,NA,NA,NA,NA,NA,NA,NA,NA,NA,NA,NA,NA,NA,NA,NA,NA,1
4521,"Milieu",6,"France","CFM - CENTRE DE FORMATION ST. RENNAIS F.C.","aucun",0,0,9.93,9.93,9.93,9.93,NA,NA,NA,NA,NA,9.93,0.00024,8.33,1,"1","0","0",0,1,1,1,NA,NA,NA,NA,7,17,1129,14,NA,NA,0,NA,3,12,716,10,0
4526,"Milieu",11,"France","aucun","aucun",0,0,NA,NA,NA,NA,NA,NA,NA,NA,NA,NA,0.00015,9.01,4,"1","1","0",0,0,0,0,NA,NA,NA,NA,NA,NA,NA,NA,NA,NA,NA,NA,NA,NA,NA,NA,0
4556,"Defenseur",4,"France","CFM - CENTRE DE FORMATION LE HAVRE A.C.","aucun",0,0,NA,NA,NA,NA,NA,NA,NA,NA,NA,NA,8e-05,12.63,4,"1","1","0",0,0,0,0,NA,NA,NA,NA,NA,NA,NA,NA,NA,NA,NA,NA,NA,NA,NA,NA,1
4571,"Gardien de But",2,"France","CFM - CENTRE DE FORMATION ST. BRESTOIS 29","aucun",0,0,NA,NA,NA,NA,NA,NA,NA,NA,NA,NA,0,27.6,1,"1","0","0",0,0,0,0,NA,NA,NA,NA,NA,NA,NA,NA,NA,NA,NA,NA,NA,NA,NA,NA,1
4586,"Attaquant",1,"France","CFM - CENTRE DE FORMATION MONTPELLIER HERAULT SP.C.","aucun",0,0,NA,17.53,NA,17.53,17.53,17.53,NA,17.53,17.53,17.53,0.00062,7.65,5,"0","1","1",1,1,0,1,NA,2,120,1,NA,1,81,1,NA,NA,NA,NA,4,10,461,4,0
4587,"Attaquant",5,"Maroc","CFM - CENTRE DE FORMATION TOULOUSE FOOTBALL CLUB","PEM - PEM CASTELMAUROU",0,1,NA,14.32,14.32,14.32,NA,NA,14.32,14.32,14.32,NA,0.00038,11.17,2,"1","1","0",0,0,1,0,NA,NA,NA,NA,NA,NA,NA,NA,NA,6,422,5,NA,NA,NA,NA,1
4589,"Defenseur",5,"France","aucun","aucun",0,0,NA,NA,NA,NA,NA,NA,NA,NA,NA,NA,NA,NA,NA,"inconnu","inconnu","inconnu",0,0,0,0,NA,NA,NA,NA,NA,NA,NA,NA,NA,NA,NA,NA,NA,NA,NA,NA,1
4593,"Attaquant",4,"France","CFM - CENTRE DE FORMATION ST. RENNAIS F.C.","aucun",2,0,NA,NA,NA,NA,NA,NA,NA,NA,NA,NA,0,73.5,1,"1","0","0",1,1,1,1,10,11,688,7,1,8,346,2,2,4,257,3,NA,6,347,5,0
4615,"Gardien de But",1,"France","CFM - CENTRE DE FORMATION F.C. DES GIRONDINS DE BORDEAUX","aucun",3,0,NA,NA,NA,NA,NA,NA,NA,NA,NA,NA,0,3.74,2,"0","0","1",1,1,1,1,NA,10,851,10,NA,8,671,8,NA,5,450,5,NA,4,360,4,1
4620,"Milieu",1,"France","CFM - CENTRE DE FORMATION R.C. STRASBOURG ALSACE","PEM - PEM CLAIREFONTAINE",1,0,NA,NA,NA,NA,NA,NA,NA,NA,NA,NA,0.00015,14.03,3,"0","1","1",0,0,0,1,NA,NA,NA,NA,NA,NA,NA,NA,NA,NA,NA,NA,NA,1,46,1,0
4635,"Milieu",12,"France","aucun","aucun",0,1,NA,NA,NA,NA,NA,NA,NA,NA,NA,NA,0.00023,10.77,4,"0","0","1",0,0,1,0,NA,NA,NA,NA,NA,NA,NA,NA,NA,2,179,2,NA,NA,NA,NA,1
4643,"Milieu",9,"Gabon","CFM - CENTRE DE FORMATION F.C. LORIENT","aucun",1,0,NA,NA,NA,NA,NA,NA,NA,NA,NA,NA,0,53,1,"1","0","0",0,0,0,0,NA,NA,NA,NA,NA,NA,NA,NA,NA,NA,NA,NA,NA,NA,NA,NA,0
4706,"Milieu",5,"France","CFM - CENTRE DE FORMATION ST. RENNAIS F.C.","PEM - PEM CLAIREFONTAINE",0,1,NA,15.63,15.6,15.63,14.93,14.93,15.6,15.6,15.6,15.79,8e-05,6.89,6,"1","1","1",0,1,0,1,NA,NA,NA,NA,NA,2,55,1,NA,NA,NA,NA,NA,18,1025,12,0
4711,"Defenseur",11,"France","aucun","PEM - PEM CLAIREFONTAINE",0,0,NA,NA,NA,NA,NA,NA,NA,NA,NA,NA,0,105,1,"0","0","1",0,0,0,0,NA,NA,NA,NA,NA,NA,NA,NA,NA,NA,NA,NA,NA,NA,NA,NA,1
4716,"Gardien de But",12,"France","CFM - CENTRE DE FORMATION A.S. ST ETIENNE","aucun",2,1,17.48,15.41,13.82,15.41,15.41,15.41,13.82,13.82,13.82,18.2,0,8.2,4,"0","0","1",1,1,1,1,NA,7,581,7,NA,3,270,3,NA,1,90,1,NA,11,1020,11,1
4721,"Defenseur",2,"Congo","aucun","aucun",1,0,NA,NA,NA,NA,NA,NA,NA,NA,NA,NA,NA,NA,NA,"inconnu","inconnu","inconnu",1,1,1,1,1,14,1106,12,1,18,1442,16,NA,5,231,3,NA,12,1110,12,0
4771,"Milieu",7,"France","CFM - CENTRE DE FORMATION TOULOUSE FOOTBALL CLUB","aucun",0,0,NA,NA,NA,NA,NA,NA,NA,NA,NA,NA,0,43.29,1,"0","1","0",0,0,0,0,NA,NA,NA,NA,NA,NA,NA,NA,NA,NA,NA,NA,NA,NA,NA,NA,1
4308246,"Milieu",2,"France","aucun","PEM - PEM LIEVIN",0,0,9.86,10.18,9.86,10.18,9.86,9.86,NA,NA,NA,10.81,5e-05,9.49,2,"inconnu","inconnu","inconnu",0,0,0,0,0,0,0,0,0,0,0,0,0,0,0,0,0,0,0,0,0
7679045,"Milieu",1,"Belgique","aucun","aucun",0,1,NA,14.85,14.85,14.85,14.85,14.85,14.85,14.85,14.85,NA,0.00012,9.01,4,"inconnu","inconnu","inconnu",0,0,0,0,0,0,0,0,0,0,0,0,0,0,0,0,0,0,0,0,0
6045001,"Défenseur",1,"Géorgie","aucun","aucun",0,0,NA,NA,17.36,NA,16.3,16.3,17.36,NA,NA,NA,0.00023,9.76,4,"inconnu","inconnu","inconnu",0,0,0,0,0,0,0,0,0,0,0,0,0,0,0,0,0,0,0,0,0
32530,"Gardien de But",2,"Congo","aucun","PEM - PEM CLAIREFONTAINE",0,0,13.38,15.72,15.73,15.72,16.68,16.68,16.92,15.59,16.92,15.68,0,6.55,5,"inconnu","inconnu","inconnu",0,0,0,0,0,0,0,0,0,0,0,0,0,0,0,0,0,0,0,0,0
6825802,"Milieu",4,"France","aucun","aucun",0,0,10.33,10.33,10.33,10.33,10.33,10.33,NA,NA,NA,NA,6e-05,9.3,6,"inconnu","inconnu","inconnu",0,0,0,0,0,0,0,0,0,0,0,0,0,0,0,0,0,0,0,0,0
5095763,"Défenseur",11,"France","aucun","aucun",0,0,NA,NA,NA,NA,13.84,13.84,13.84,NA,NA,NA,7e-05,9.74,5,"inconnu","inconnu","inconnu",0,0,0,0,0,0,0,0,0,0,0,0,0,0,0,0,0,0,0,0,0
179375,"Gardien de But",1,"France","aucun","PEM - PEM CASTELMAUROU",0,0,20,14.53,14.53,14.53,16.88,16.88,14.53,14.53,14.53,NA,0,6.82,5,"inconnu","inconnu","inconnu",0,0,0,0,0,0,0,0,0,0,0,0,0,0,0,0,0,0,0,0,0
1298768,"Gardien de But",10,"France","CFM - CENTRE DE FORMATION O. DE MARSEILLE - O.M.","aucun",1,1,14.33,NA,NA,NA,14.33,14.33,NA,14.33,NA,NA,0,11.87,3,"inconnu","inconnu","inconnu",0,0,0,0,0,0,0,0,0,0,0,0,0,0,0,0,0,0,0,0,0
158920,"Gardien de But",9,"France","aucun","PEM - PEM AJACCIO",0,0,20,20,20,20,NA,NA,NA,NA,NA,NA,NA,NA,NA,"inconnu","inconnu","inconnu",0,0,0,0,0,0,0,0,0,0,0,0,0,0,0,0,0,0,0,0,0
9259241,"Milieu",1,"Française","aucun","aucun",0,0,10.51,13.21,13.21,13.21,13.21,13.21,14.56,14.56,14.56,NA,1e-04,12.24,6,"inconnu","inconnu","inconnu",0,0,0,0,0,0,0,0,0,0,0,0,0,0,0,0,0,0,0,0,0
11158877,"Milieu",10,"France","aucun","aucun",0,0,NA,7.18,NA,7.18,7.18,7.18,NA,7.18,7.18,7.18,0.00011,8.56,5,"inconnu","inconnu","inconnu",0,0,0,0,0,0,0,0,0,0,0,0,0,0,0,0,0,0,0,0,0
10821176,"Défenseur",10,"France","aucun","aucun",0,0,13.22,13.22,NA,13.22,13.22,13.22,NA,13.22,13.22,13.22,0,12.81,7,"inconnu","inconnu","inconnu",0,0,0,0,0,0,0,0,0,0,0,0,0,0,0,0,0,0,0,0,0
4114695,"Milieu",4,"France","CFM - CENTRE DE FORMATION ST DE REIMS","aucun",0,0,15.23,14.42,15.43,14.42,15.37,15.37,15.43,14.42,14.42,15.23,7e-05,9.29,3,"inconnu","inconnu","inconnu",0,0,0,0,0,0,0,0,0,0,0,0,0,0,0,0,0,0,0,0,0
341438,"Défenseur",1,"France","CFM - CENTRE DE FORMATION R.C. STRASBOURG ALSACE","PEM - PEM NANCY",0,0,17.17,12.84,10.99,12.84,12.84,12.84,10.99,12.84,12.84,17.17,7e-05,9.83,3,"inconnu","inconnu","inconnu",0,0,0,0,0,0,0,0,0,0,0,0,0,0,0,0,0,0,0,0,0
342083,"Défenseur",2,"France","aucun","aucun",0,0,10.63,10.63,10.63,10.63,NA,NA,NA,NA,NA,10.63,0.00021,9.72,3,"inconnu","inconnu","inconnu",0,0,0,0,0,0,0,0,0,0,0,0,0,0,0,0,0,0,0,0,0
6962175,"Attaquant",3,"France","CFM - CENTRE DE FORMATION VALENCIENNES F.C.","aucun",0,0,13.56,11.74,10.83,11.74,10.83,10.83,10.83,11.74,11.74,13.56,1e-05,8.95,4,"inconnu","inconnu","inconnu",0,0,0,0,0,0,0,0,0,0,0,0,0,0,0,0,0,0,0,0,0
10167358,"Défenseur",11,"France","aucun","aucun",0,0,NA,NA,NA,NA,17.5,17.5,NA,NA,NA,NA,1e-04,9.37,5,"inconnu","inconnu","inconnu",0,0,0,0,0,0,0,0,0,0,0,0,0,0,0,0,0,0,0,0,0
6321421,"Milieu",4,"Française","CFM - CENTRE DE FORMATION O. DE LYON ET DU RHONE","aucun",0,0,NA,NA,NA,NA,17.73,17.73,17.73,17.73,NA,NA,0,15.34,2,"inconnu","inconnu","inconnu",0,0,0,0,0,0,0,0,0,0,0,0,0,0,0,0,0,0,0,0,0
344329,"Gardien de But",2,"France","CFM - CENTRE DE FORMATION O. DE LYON ET DU RHONE","aucun",1,0,17.81,13.71,10.4,13.71,13.71,13.71,10.4,10.4,10.4,16.2,0,8.8,3,"inconnu","inconnu","inconnu",0,0,0,0,0,0,0,0,0,0,0,0,0,0,0,0,0,0,0,0,0
2914435,"Milieu",4,"France","CFM - CENTRE DE FORMATION MONTPELLIER HERAULT SP.C.","aucun",0,0,15.63,14.32,14.92,14.32,14.57,14.57,14.92,14.32,14.32,13.84,4e-05,8.56,2,"inconnu","inconnu","inconnu",0,0,0,0,0,0,0,0,0,0,0,0,0,0,0,0,0,0,0,0,0
8631029,"Attaquant",6,"France","aucun","aucun",0,0,12.45,11.73,9.27,11.73,11.73,11.73,10.64,11.73,11.73,12.45,2e-05,12.19,4,"inconnu","inconnu","inconnu",0,0,0,0,0,0,0,0,0,0,0,0,0,0,0,0,0,0,0,0,0
354917,"Défenseur",7,"Française","aucun","aucun",1,0,14,14,14,14,NA,NA,NA,NA,NA,NA,8e-05,10.05,3,"inconnu","inconnu","inconnu",0,0,0,0,0,0,0,0,0,0,0,0,0,0,0,0,0,0,0,0,0
312667,"Attaquant",4,"France","CFM - CENTRE DE FORMATION MONTPELLIER HERAULT SP.C.","aucun",1,0,NA,11.44,11.44,11.44,11.48,11.48,11.44,11.44,11.44,NA,0.00014,6.24,2,"inconnu","inconnu","inconnu",0,0,0,0,0,0,0,0,0,0,0,0,0,0,0,0,0,0,0,0,0
86342,"Milieu",8,"France","aucun","PEM - PEM CLAIREFONTAINE",0,0,NA,18.02,18.02,18.02,13.87,13.87,18.02,18.02,18.02,NA,0.00037,14.55,2,"inconnu","inconnu","inconnu",0,0,0,0,0,0,0,0,0,0,0,0,0,0,0,0,0,0,0,0,0
2366,"Milieu",1,"France","CFM - CENTRE DE FORMATION AMIENS SP.C. PICARDIE","aucun",0,0,20,14.07,NA,14.07,20,20,NA,NA,NA,14.07,6e-05,10.66,2,"inconnu","inconnu","inconnu",0,0,0,0,0,0,0,0,0,0,0,0,0,0,0,0,0,0,0,0,0
11054910,"Défenseur",1,"France","aucun","aucun",0,0,14.54,16.17,17.02,16.17,17.32,17.32,17.73,16.99,16.99,NA,6e-05,9.56,4,"inconnu","inconnu","inconnu",0,0,0,0,0,0,0,0,0,0,0,0,0,0,0,0,0,0,0,0,0
9374505,"Défenseur",1,"France","CFM - CENTRE DE FORMATION R.C. STRASBOURG ALSACE","PEM - PEM NANCY",0,0,NA,12.51,11.43,12.51,12.26,12.26,11.43,12.51,12.51,16.3,1e-05,11.7,2,"inconnu","inconnu","inconnu",0,0,0,0,0,0,0,0,0,0,0,0,0,0,0,0,0,0,0,0,0
7827591,"Attaquant",6,"France","aucun","aucun",0,0,NA,10.4,NA,10.4,10.4,10.4,NA,10.41,10.4,10.4,5e-04,7.08,11,"inconnu","inconnu","inconnu",0,0,0,0,0,0,0,0,0,0,0,0,0,0,0,0,0,0,0,0,0
4723306,"Attaquant",12,"France","aucun","aucun",0,0,10.25,10.25,10.25,10.25,10.25,10.25,NA,NA,NA,NA,5e-05,11.4,3,"inconnu","inconnu","inconnu",0,0,0,0,0,0,0,0,0,0,0,0,0,0,0,0,0,0,0,0,0
323045,"Milieu",10,"France","aucun","aucun",0,0,10,10,10,10,12.5,12.5,NA,NA,NA,NA,2e-05,15.4,4,"inconnu","inconnu","inconnu",0,0,0,0,0,0,0,0,0,0,0,0,0,0,0,0,0,0,0,0,0
328626,"Milieu",10,"France","CFM - CENTRE DE FORMATION ESPER. TROYES AUBE CHAMPAGNE","aucun",1,0,12.83,12.83,NA,12.83,12.83,12.83,NA,12.83,12.83,12.83,3e-04,8.38,2,"inconnu","inconnu","inconnu",0,0,0,0,0,0,0,0,0,0,0,0,0,0,0,0,0,0,0,0,0
10793772,"Gardien de But",11,"France","aucun","aucun",0,0,NA,NA,4.84,NA,4.84,4.84,NA,NA,NA,NA,0,11.75,5,"inconnu","inconnu","inconnu",0,0,0,0,0,0,0,0,0,0,0,0,0,0,0,0,0,0,0,0,0
825723,"Défenseur",1,"France","aucun","aucun",0,0,5.43,9.06,9.06,9.06,5.43,5.43,12.7,12.7,12.7,NA,2e-05,11.39,4,"inconnu","inconnu","inconnu",0,0,0,0,0,0,0,0,0,0,0,0,0,0,0,0,0,0,0,0,0
1184799,"Gardien de But",2,"Maroc","CFM - CENTRE DE FORMATION ST. MALHERBE CAEN-CALV.B.NORM.","aucun",0,0,17.58,16.02,14.53,16.02,15.42,15.42,14.08,16.02,16.19,19.01,0,16.2,1,"inconnu","inconnu","inconnu",0,0,0,0,0,0,0,0,0,0,0,0,0,0,0,0,0,0,0,0,0
322046,"Attaquant",7,"France","CFM - CENTRE DE FORMATION F.C. LORIENT","aucun",0,0,6.15,6.15,6.15,6.15,6.15,6.15,NA,NA,NA,NA,2e-04,11.81,2,"inconnu","inconnu","inconnu",0,0,0,0,0,0,0,0,0,0,0,0,0,0,0,0,0,0,0,0,0
3516854,"Gardien de But",12,"France","aucun","aucun",0,0,9.67,9.67,NA,9.67,9.67,9.67,NA,9.67,9.67,9.67,0,9.6,3,"inconnu","inconnu","inconnu",0,0,0,0,0,0,0,0,0,0,0,0,0,0,0,0,0,0,0,0,0
98767,"Défenseur",6,"Française","aucun","PEM - PEM SAINT-SEBASTIEN SUR LOIRE",0,0,13.1,13.1,NA,13.1,13.1,13.1,NA,NA,NA,13.1,0,11.87,4,"inconnu","inconnu","inconnu",0,0,0,0,0,0,0,0,0,0,0,0,0,0,0,0,0,0,0,0,0
1003743,"Défenseur",8,"France","aucun","aucun",0,0,11.92,11.92,NA,11.92,11.92,11.92,18.4,11.92,11.92,11.92,0,9.64,7,"inconnu","inconnu","inconnu",0,0,0,0,0,0,0,0,0,0,0,0,0,0,0,0,0,0,0,0,0
8900207,"Milieu",1,"Française","aucun","aucun",0,0,15.86,15.17,14.65,15.17,13.9,13.9,14.65,15.17,15.17,15.86,0.00023,9.12,3,"inconnu","inconnu","inconnu",0,0,0,0,0,0,0,0,0,0,0,0,0,0,0,0,0,0,0,0,0
8792733,"Attaquant",1,"France","aucun","PEM - PEM CASTELMAUROU",0,0,18.32,16.6,16.44,16.6,17.07,17.07,16.44,16.6,16.6,18.57,0.00039,8.13,8,"inconnu","inconnu","inconnu",0,0,0,0,0,0,0,0,0,0,0,0,0,0,0,0,0,0,0,0,0
5027730,"Milieu",1,"Française","CFM - CENTRE DE FORMATION AS NANCY LORRAINE","PEM - PEM AIX EN PROVENCE",0,0,14.72,15.81,17.17,15.81,15.81,15.81,17.17,16.21,16.21,14.72,4e-05,9.65,3,"inconnu","inconnu","inconnu",0,0,0,0,0,0,0,0,0,0,0,0,0,0,0,0,0,0,0,0,0
315028,"Milieu",2,"Française","CFM - CENTRE DE FORMATION VALENCIENNES F.C.","aucun",0,0,14.02,14.02,14.02,14.02,14.02,14.02,NA,NA,NA,NA,0.00024,8.21,1,"inconnu","inconnu","inconnu",0,0,0,0,0,0,0,0,0,0,0,0,0,0,0,0,0,0,0,0,0
72558,"Milieu",8,"Française","CFM - LOSC LILLE ASSOCIATION","aucun",0,0,NA,12.13,14.94,12.13,10,10,14.94,12.13,12.13,12.13,0.00018,9.86,3,"inconnu","inconnu","inconnu",0,0,0,0,0,0,0,0,0,0,0,0,0,0,0,0,0,0,0,0,0
4194222,"Milieu",6,"Française","aucun","aucun",0,0,11.55,11.55,9.17,11.55,9.17,9.17,9.17,11.55,11.55,11.55,8e-05,11.71,2,"inconnu","inconnu","inconnu",0,0,0,0,0,0,0,0,0,0,0,0,0,0,0,0,0,0,0,0,0
6458122,"Milieu",7,"France","aucun","aucun",0,0,9.84,9.84,9.84,9.84,15,15,NA,NA,NA,NA,5e-05,10.88,3,"inconnu","inconnu","inconnu",0,0,0,0,0,0,0,0,0,0,0,0,0,0,0,0,0,0,0,0,0
205033,"Attaquant",5,"Française","aucun","aucun",0,0,NA,NA,NA,NA,15,15,NA,NA,NA,NA,2e-04,8.77,6,"inconnu","inconnu","inconnu",0,0,0,0,0,0,0,0,0,0,0,0,0,0,0,0,0,0,0,0,0
2727930,"Défenseur",10,"France","aucun","aucun",0,0,NA,NA,NA,NA,15,15,NA,NA,NA,NA,2e-05,12.36,5,"inconnu","inconnu","inconnu",0,0,0,0,0,0,0,0,0,0,0,0,0,0,0,0,0,0,0,0,0
7434035,"Milieu",4,"France","CFM - CENTRE DE FORMATION PARIS F.C.","aucun",0,0,11.56,11.56,NA,11.56,11.56,11.56,NA,11.56,11.56,11.56,0.00055,9.22,6,"inconnu","inconnu","inconnu",0,0,0,0,0,0,0,0,0,0,0,0,0,0,0,0,0,0,0,0,0
11402539,"Milieu",2,"France","CFM - CENTRE DE FORMATION F.C. LORIENT","aucun",0,0,13,13.31,15.39,13.31,17.26,17.26,15.39,13.31,13.31,13,3e-05,10.92,5,"inconnu","inconnu","inconnu",0,0,0,0,0,0,0,0,0,0,0,0,0,0,0,0,0,0,0,0,0
4808655,"Milieu",12,"Française","CFM - ACADEMY AS MONACO FC","PEM - PEM GUADELOUPE",0,0,NA,16.05,16.05,16.05,16.05,16.05,16.05,16.05,16.05,NA,3e-05,10.61,1,"inconnu","inconnu","inconnu",0,0,0,0,0,0,0,0,0,0,0,0,0,0,0,0,0,0,0,0,0
102116,"Défenseur",4,"France","CFM - CENTRE DE FORMATION O. DE LYON ET DU RHONE","PEM - PEM DIJON",0,0,14.34,14.23,13.32,14.23,14.23,14.23,14.12,14.81,14.81,15.73,4e-05,10.57,7,"inconnu","inconnu","inconnu",0,0,0,0,0,0,0,0,0,0,0,0,0,0,0,0,0,0,0,0,0
306718,"Milieu",5,"France","CFM - CENTRE DE FORMATION F.C. METZ","aucun",0,1,16.25,14.09,13.51,14.09,14.56,14.56,13.51,13.93,13.93,14.76,0,11.52,2,"inconnu","inconnu","inconnu",0,0,0,0,0,0,0,0,0,0,0,0,0,0,0,0,0,0,0,0,0
8995789,"Milieu",9,"France","aucun","aucun",0,0,13.19,13.19,13.19,13.19,15,15,NA,NA,NA,NA,0.00066,8.21,4,"inconnu","inconnu","inconnu",0,0,0,0,0,0,0,0,0,0,0,0,0,0,0,0,0,0,0,0,0
8232962,"Milieu",4,"France","CFM - ACADEMY AS MONACO FC","PEM - PEM REIMS",1,1,NA,9.73,9.73,9.73,NA,NA,9.73,9.73,9.73,NA,0.00033,9.59,2,"inconnu","inconnu","inconnu",0,0,0,0,0,0,0,0,0,0,0,0,0,0,0,0,0,0,0,0,0
247321,"Défenseur",6,"France","CFM - CENTRE DE FORMATION A.C. AJACCIEN","aucun",0,0,15.13,14.01,12.33,14.01,14.01,14.01,12.33,14.01,14.01,15.13,0.00019,9.48,5,"inconnu","inconnu","inconnu",0,0,0,0,0,0,0,0,0,0,0,0,0,0,0,0,0,0,0,0,0
3311043,"Défenseur",3,"France","aucun","aucun",0,0,14.04,14.04,NA,14.04,14.04,14.04,20,14.04,14.04,14.04,3e-05,8.58,4,"inconnu","inconnu","inconnu",0,0,0,0,0,0,0,0,0,0,0,0,0,0,0,0,0,0,0,0,0
350666,"Défenseur",10,"Guinée","CFM - CENTRE DE FORMATION ST DE REIMS","aucun",0,1,11.14,11.14,15.41,11.14,13.28,13.28,15.41,11.14,11.14,11.14,1e-05,7.72,4,"inconnu","inconnu","inconnu",0,0,0,0,0,0,0,0,0,0,0,0,0,0,0,0,0,0,0,0,0
9826598,"Défenseur",2,"Française","aucun","PEM - PEM CASTELMAUROU",0,0,NA,13.46,13.46,13.46,NA,NA,13.46,13.46,13.46,NA,0,11.51,3,"inconnu","inconnu","inconnu",0,0,0,0,0,0,0,0,0,0,0,0,0,0,0,0,0,0,0,0,0
10535489,"Gardien de But",5,"France","CFM - CENTRE DE FORMATION F.C. DES GIRONDINS DE BORDEAUX","aucun",0,0,16.72,13.14,11.61,13.14,13.14,13.14,11.61,13.14,13.14,16.72,0,7.52,2,"inconnu","inconnu","inconnu",0,0,0,0,0,0,0,0,0,0,0,0,0,0,0,0,0,0,0,0,0
124773,"Défenseur",8,"France","CFM - CENTRE DE FORMATION ST. RENNAIS F.C.","aucun",0,0,NA,14.08,14.08,14.08,14.18,14.18,14.08,13.8,13.8,NA,0.00014,11.29,4,"inconnu","inconnu","inconnu",0,0,0,0,0,0,0,0,0,0,0,0,0,0,0,0,0,0,0,0,0
57924,"Milieu",11,"France","aucun","aucun",0,0,20,20,20,20,NA,NA,NA,NA,NA,NA,0,20.38,5,"inconnu","inconnu","inconnu",0,0,0,0,0,0,0,0,0,0,0,0,0,0,0,0,0,0,0,0,0
146454,"Défenseur",5,"Rwanda","CFM - CENTRE DE FORMATION O. DE LYON ET DU RHONE","aucun",1,0,20,20,20,20,NA,NA,NA,NA,NA,NA,7e-05,13.2,5,"inconnu","inconnu","inconnu",0,0,0,0,0,0,0,0,0,0,0,0,0,0,0,0,0,0,0,0,0
5473252,"Défenseur",11,"Française","aucun","aucun",0,0,NA,NA,10.77,NA,10.77,10.77,10.77,NA,NA,NA,0,10.91,2,"inconnu","inconnu","inconnu",0,0,0,0,0,0,0,0,0,0,0,0,0,0,0,0,0,0,0,0,0
10227308,"Défenseur",11,"France","CFM - CENTRE DE FORMATION O.G.C. NICE COTE D'AZUR","aucun",0,0,NA,NA,NA,NA,10,10,NA,NA,NA,NA,3e-05,11.65,1,"inconnu","inconnu","inconnu",0,0,0,0,0,0,0,0,0,0,0,0,0,0,0,0,0,0,0,0,0
233943,"Milieu",1,"France","aucun","aucun",0,0,NA,NA,9.05,NA,10.54,10.54,9.05,NA,NA,NA,2e-05,10.89,6,"inconnu","inconnu","inconnu",0,0,0,0,0,0,0,0,0,0,0,0,0,0,0,0,0,0,0,0,0
35239,"Gardien de But",8,"France","aucun","aucun",0,0,10.28,10.28,10.28,10.28,10.28,10.28,NA,10.28,NA,NA,0,23.33,4,"inconnu","inconnu","inconnu",0,0,0,0,0,0,0,0,0,0,0,0,0,0,0,0,0,0,0,0,0
1172899,"Milieu",11,"France","aucun","aucun",0,0,NA,11.18,16.61,11.18,16.21,16.21,16.61,11.18,11.18,11.18,0.00028,10.68,6,"inconnu","inconnu","inconnu",0,0,0,0,0,0,0,0,0,0,0,0,0,0,0,0,0,0,0,0,0
345400,"Milieu",1,"France","aucun","aucun",3,1,18.07,15.34,15.34,15.34,14.57,14.57,13.97,13.97,13.97,NA,8e-05,7.47,4,"inconnu","inconnu","inconnu",0,0,0,0,0,0,0,0,0,0,0,0,0,0,0,0,0,0,0,0,0
2177,"Défenseur",1,"France","CFM - CENTRE DE FORMATION O.G.C. NICE COTE D'AZUR","PEM - PEM AIX EN PROVENCE",0,0,10.92,11.36,10.16,11.36,11.36,11.36,NA,11.76,11.76,11.76,2e-05,9.16,3,"inconnu","inconnu","inconnu",0,0,0,0,0,0,0,0,0,0,0,0,0,0,0,0,0,0,0,0,0
336527,"Milieu",3,"Suède","CFM - CENTRE DE FORMATION R.C. LENSOIS","aucun",0,1,13.44,11.76,13.36,11.76,13.44,13.44,13.36,13.36,13.36,10.16,3e-05,10.04,3,"inconnu","inconnu","inconnu",0,0,0,0,0,0,0,0,0,0,0,0,0,0,0,0,0,0,0,0,0
6165853,"Milieu",6,"France","CFM - CENTRE DE FORMATION R.C. STRASBOURG ALSACE","PEM - PEM NANCY",0,0,16.77,12.96,9.16,12.96,12.96,12.96,9.16,12.96,12.96,16.77,0.00022,9.24,2,"inconnu","inconnu","inconnu",0,0,0,0,0,0,0,0,0,0,0,0,0,0,0,0,0,0,0,0,0
127770,"Gardien de But",9,"Etranger","CFM - ACADEMY AS MONACO FC","aucun",2,1,NA,NA,NA,NA,15,15,NA,NA,NA,NA,0,11.92,2,"inconnu","inconnu","inconnu",0,0,0,0,0,0,0,0,0,0,0,0,0,0,0,0,0,0,0,0,0
11590442,"Milieu",5,"Française","aucun","aucun",0,0,NA,13.42,13.42,13.42,NA,NA,13.42,13.42,13.42,NA,4e-05,11.23,7,"inconnu","inconnu","inconnu",0,0,0,0,0,0,0,0,0,0,0,0,0,0,0,0,0,0,0,0,0
10593999,"Milieu",10,"Guadeloupe","aucun","PEM - PEM GUADELOUPE",0,0,14.4,14.4,14.4,14.4,14.4,14.4,NA,NA,NA,NA,0.00025,6.63,11,"inconnu","inconnu","inconnu",0,0,0,0,0,0,0,0,0,0,0,0,0,0,0,0,0,0,0,0,0
10852741,"Attaquant",2,"France","aucun","PEM - PEM SAINT-SEBASTIEN SUR LOIRE",0,0,19.35,14.68,11.92,14.68,10,10,11.92,14.68,14.68,19.35,0.00027,9.31,2,"inconnu","inconnu","inconnu",0,0,0,0,0,0,0,0,0,0,0,0,0,0,0,0,0,0,0,0,0
7262359,"Défenseur",1,"France","aucun","aucun",0,0,15.25,14.14,13.03,14.14,15.25,15.25,13.03,14.14,14.14,15.25,0,8.88,8,"inconnu","inconnu","inconnu",0,0,0,0,0,0,0,0,0,0,0,0,0,0,0,0,0,0,0,0,0
1688,"Milieu",2,"Française","CFM - CENTRE DE FORMATION A.S. ST ETIENNE","PEM - PEM AIX EN PROVENCE",0,0,7.68,7.68,7.68,7.68,NA,NA,NA,NA,NA,7.68,7e-05,12.84,3,"inconnu","inconnu","inconnu",0,0,0,0,0,0,0,0,0,0,0,0,0,0,0,0,0,0,0,0,0
26743,"Milieu",9,"Française","aucun","aucun",0,0,11.8,11.8,2.22,11.8,11.8,11.8,NA,11.8,11.8,11.8,4e-05,10.14,8,"inconnu","inconnu","inconnu",0,0,0,0,0,0,0,0,0,0,0,0,0,0,0,0,0,0,0,0,0
7208960,"Gardien de But",9,"France","aucun","aucun",0,0,10.2,8.26,8.26,8.26,8.26,8.26,6.8,8.26,6.8,NA,0,10.69,10,"inconnu","inconnu","inconnu",0,0,0,0,0,0,0,0,0,0,0,0,0,0,0,0,0,0,0,0,0
2338526,"Attaquant",5,"Française","aucun","aucun",0,0,NA,10.02,NA,10.02,10.02,10.02,NA,10.02,10.02,10.02,0.00014,9.94,4,"inconnu","inconnu","inconnu",0,0,0,0,0,0,0,0,0,0,0,0,0,0,0,0,0,0,0,0,0
6726208,"Attaquant",5,"France","aucun","aucun",0,0,10.07,14.87,NA,14.87,14.87,14.87,NA,14.87,14.87,14.87,0.00037,7.63,6,"inconnu","inconnu","inconnu",0,0,0,0,0,0,0,0,0,0,0,0,0,0,0,0,0,0,0,0,0
190194,"Milieu",11,"France","aucun","aucun",0,0,NA,14.37,14.37,14.37,NA,NA,14.37,14.37,14.37,NA,0,10.97,8,"inconnu","inconnu","inconnu",0,0,0,0,0,0,0,0,0,0,0,0,0,0,0,0,0,0,0,0,0
72335,"Gardien de But",4,"France","aucun","aucun",1,0,NA,10.17,10.17,10.17,NA,NA,10.17,10.17,10.17,NA,0,9.73,6,"inconnu","inconnu","inconnu",0,0,0,0,0,0,0,0,0,0,0,0,0,0,0,0,0,0,0,0,0
339030,"Défenseur",12,"France","CFM - CENTRE DE FORMATION R.C. STRASBOURG ALSACE","aucun",0,0,20,11.26,11.93,11.26,13,13,11.93,11.26,11.26,13.39,0,7.94,4,"inconnu","inconnu","inconnu",0,0,0,0,0,0,0,0,0,0,0,0,0,0,0,0,0,0,0,0,0
4382708,"Gardien de But",5,"France","aucun","aucun",0,0,11.66,12.27,NA,12.27,12.27,12.27,NA,11.66,11.66,12.27,0,11.62,1,"inconnu","inconnu","inconnu",0,0,0,0,0,0,0,0,0,0,0,0,0,0,0,0,0,0,0,0,0
83659,"Attaquant",1,"France","aucun","aucun",0,0,NA,12.62,12.62,12.62,NA,NA,NA,NA,NA,NA,0.00024,17.29,2,"inconnu","inconnu","inconnu",0,0,0,0,0,0,0,0,0,0,0,0,0,0,0,0,0,0,0,0,0
104364,"Attaquant",7,"France","aucun","aucun",0,0,10.46,10.46,10.46,10.46,NA,NA,NA,NA,NA,NA,0.00012,21.51,5,"inconnu","inconnu","inconnu",0,0,0,0,0,0,0,0,0,0,0,0,0,0,0,0,0,0,0,0,0
1082900,"Défenseur",8,"France","CFM - CENTRE DE FORMATION F.C. SOCHAUX MONTBELIARD","PEM - PEM AIX EN PROVENCE",0,0,17.06,13.28,12.12,13.28,13.28,13.28,12.12,13.28,13.28,14.82,0,11.86,4,"inconnu","inconnu","inconnu",0,0,0,0,0,0,0,0,0,0,0,0,0,0,0,0,0,0,0,0,0
95012,"Défenseur",8,"France","CFM - CENTRE DE FORMATION MONTPELLIER HERAULT SP.C.","aucun",1,0,14.31,14.19,12.49,14.19,14.31,14.31,13.99,15.5,15.51,17.02,6e-05,13.62,4,"inconnu","inconnu","inconnu",0,0,0,0,0,0,0,0,0,0,0,0,0,0,0,0,0,0,0,0,0
3295535,"Défenseur",5,"Française","CFM - CENTRE DE FORMATION ANGERS S.C.O.","PEM - PEM SAINT-SEBASTIEN SUR LOIRE",0,0,10.91,12.7,13.48,12.7,15.44,15.44,12.57,12.71,12.7,14.54,4e-05,12.03,5,"inconnu","inconnu","inconnu",0,0,0,0,0,0,0,0,0,0,0,0,0,0,0,0,0,0,0,0,0
5878992,"Gardien de But",8,"Française","CFM - CENTRE DE FORMATION EN AVANT GUINGAMP","PEM - PEM PLOUFRAGAN",0,0,12.48,10.06,9.02,10.06,9.84,9.84,9.02,10.06,10.06,12.48,0,10.71,5,"inconnu","inconnu","inconnu",0,0,0,0,0,0,0,0,0,0,0,0,0,0,0,0,0,0,0,0,0
1377092,"Attaquant",8,"France","aucun","aucun",0,0,14.26,14.26,14.26,14.26,15.88,15.88,NA,NA,NA,NA,0.00025,9.8,7,"inconnu","inconnu","inconnu",0,0,0,0,0,0,0,0,0,0,0,0,0,0,0,0,0,0,0,0,0
1063675,"Défenseur",10,"France","aucun","aucun",0,0,10,NA,NA,NA,10,10,NA,NA,NA,NA,1e-05,12.33,6,"inconnu","inconnu","inconnu",0,0,0,0,0,0,0,0,0,0,0,0,0,0,0,0,0,0,0,0,0
251227,"Défenseur",7,"France","aucun","aucun",0,1,NA,NA,NA,NA,10,10,NA,NA,NA,NA,3e-05,16.03,5,"inconnu","inconnu","inconnu",0,0,0,0,0,0,0,0,0,0,0,0,0,0,0,0,0,0,0,0,0
3467677,"Milieu",3,"France","CFM - CENTRE DE FORMATION LE HAVRE A.C.","aucun",0,0,NA,9.23,9.23,9.23,NA,NA,9.23,9.23,9.23,NA,0.00013,14.35,2,"inconnu","inconnu","inconnu",0,0,0,0,0,0,0,0,0,0,0,0,0,0,0,0,0,0,0,0,0
302627,"Milieu",7,"France","CFM - CENTRE DE FORMATION ESPER. TROYES AUBE CHAMPAGNE","aucun",0,0,NA,16.02,16.02,16.02,NA,NA,16.02,16.02,16.02,NA,4e-05,11.38,2,"inconnu","inconnu","inconnu",0,0,0,0,0,0,0,0,0,0,0,0,0,0,0,0,0,0,0,0,0
3985025,"Défenseur",5,"Slovaquie","aucun","aucun",0,0,5.43,5.43,NA,5.43,NA,NA,NA,5.43,5.43,5.43,3e-05,10.65,5,"inconnu","inconnu","inconnu",0,0,0,0,0,0,0,0,0,0,0,0,0,0,0,0,0,0,0,0,0
1603553,"Milieu",5,"France","aucun","aucun",0,0,14.56,11.44,9.38,11.44,11.63,11.63,7.54,10.97,10.97,15.55,0.00011,8.14,11,"inconnu","inconnu","inconnu",0,0,0,0,0,0,0,0,0,0,0,0,0,0,0,0,0,0,0,0,0
327890,"Attaquant",3,"France","CFM - CENTRE DE FORMATION F.C. SOCHAUX MONTBELIARD","aucun",0,1,12.67,12.05,11.59,12.05,12.05,12.05,11.59,12.05,12.05,12.67,0.00067,4.93,2,"inconnu","inconnu","inconnu",0,0,0,0,0,0,0,0,0,0,0,0,0,0,0,0,0,0,0,0,0
336497,"Milieu",10,"Chypre","aucun","aucun",1,0,NA,NA,NA,NA,15,15,NA,NA,NA,NA,0,55.77,1,"inconnu","inconnu","inconnu",0,0,0,0,0,0,0,0,0,0,0,0,0,0,0,0,0,0,0,0,0
3930509,"Gardien de But",10,"France","aucun","aucun",0,0,NA,NA,NA,NA,NA,NA,NA,NA,NA,NA,0,14.47,3,"inconnu","inconnu","inconnu",0,0,0,0,0,0,0,0,0,0,0,0,0,0,0,0,0,0,0,0,0
2058929,"Gardien de But",2,"Française","aucun","aucun",0,0,NA,NA,NA,NA,NA,NA,NA,NA,NA,NA,NA,NA,NA,"inconnu","inconnu","inconnu",0,0,0,0,0,0,0,0,0,0,0,0,0,0,0,0,0,0,0,0,0
158104,"Milieu",5,"France","aucun","aucun",0,0,NA,NA,NA,NA,NA,NA,NA,NA,NA,NA,NA,NA,NA,"inconnu","inconnu","inconnu",0,0,0,0,0,0,0,0,0,0,0,0,0,0,0,0,0,0,0,0,0
199813,"Défenseur",4,"France","aucun","aucun",0,0,NA,NA,NA,NA,NA,NA,NA,NA,NA,NA,NA,NA,NA,"inconnu","inconnu","inconnu",0,0,0,0,0,0,0,0,0,0,0,0,0,0,0,0,0,0,0,0,0
5182106,"Attaquant",9,"Française","aucun","aucun",0,0,NA,NA,NA,NA,NA,NA,NA,NA,NA,NA,NA,NA,NA,"inconnu","inconnu","inconnu",0,0,0,0,0,0,0,0,0,0,0,0,0,0,0,0,0,0,0,0,0
343633,"Milieu",7,"France","aucun","aucun",0,0,NA,NA,NA,NA,NA,NA,NA,NA,NA,NA,0.00952,84,1,"inconnu","inconnu","inconnu",0,0,0,0,0,0,0,0,0,0,0,0,0,0,0,0,0,0,0,0,0
10728298,"Attaquant",11,"France","CFM - CENTRE DE FORMATION ST. RENNAIS F.C.","aucun",0,0,NA,NA,NA,NA,NA,NA,NA,NA,NA,NA,4e-04,9.92,3,"inconnu","inconnu","inconnu",0,0,0,0,0,0,0,0,0,0,0,0,0,0,0,0,0,0,0,0,0
328330,"Attaquant",1,"Mauritanie","aucun","aucun",0,0,NA,NA,NA,NA,NA,NA,NA,NA,NA,NA,NA,NA,NA,"inconnu","inconnu","inconnu",0,0,0,0,0,0,0,0,0,0,0,0,0,0,0,0,0,0,0,0,0
11541978,"Gardien de But",11,"France","aucun","aucun",0,0,NA,NA,NA,NA,NA,NA,NA,NA,NA,NA,NA,NA,NA,"inconnu","inconnu","inconnu",0,0,0,0,0,0,0,0,0,0,0,0,0,0,0,0,0,0,0,0,0
8612077,"Attaquant",5,"France","aucun","aucun",0,0,NA,NA,NA,NA,NA,NA,NA,NA,NA,NA,NA,NA,NA,"inconnu","inconnu","inconnu",0,0,0,0,0,0,0,0,0,0,0,0,0,0,0,0,0,0,0,0,0
1566359,"Milieu",9,"France","aucun","aucun",0,0,NA,NA,NA,NA,NA,NA,NA,NA,NA,NA,8e-05,12.14,3,"inconnu","inconnu","inconnu",0,0,0,0,0,0,0,0,0,0,0,0,0,0,0,0,0,0,0,0,0
7877513,"Milieu",6,"France","aucun","aucun",0,0,NA,NA,NA,NA,NA,NA,NA,NA,NA,NA,0.00031,20.25,3,"inconnu","inconnu","inconnu",0,0,0,0,0,0,0,0,0,0,0,0,0,0,0,0,0,0,0,0,0
8365143,"Défenseur",10,"France","aucun","aucun",0,0,NA,NA,NA,NA,NA,NA,NA,NA,NA,NA,NA,NA,NA,"inconnu","inconnu","inconnu",0,0,0,0,0,0,0,0,0,0,0,0,0,0,0,0,0,0,0,0,0
4936828,"Milieu",11,"France","aucun","aucun",0,0,NA,NA,NA,NA,NA,NA,NA,NA,NA,NA,0,19.71,4,"inconnu","inconnu","inconnu",0,0,0,0,0,0,0,0,0,0,0,0,0,0,0,0,0,0,0,0,0
41863,"Défenseur",1,"France","aucun","aucun",0,0,NA,NA,NA,NA,NA,NA,NA,NA,NA,NA,NA,NA,NA,"inconnu","inconnu","inconnu",0,0,0,0,0,0,0,0,0,0,0,0,0,0,0,0,0,0,0,0,0
6095957,"Défenseur",10,"Madagascar","aucun","aucun",0,0,NA,NA,NA,NA,NA,NA,NA,NA,NA,NA,NA,NA,NA,"inconnu","inconnu","inconnu",0,0,0,0,0,0,0,0,0,0,0,0,0,0,0,0,0,0,0,0,0
146424,"Milieu",4,"Mali","aucun","aucun",0,0,NA,NA,NA,NA,NA,NA,NA,NA,NA,NA,0.00372,89.67,1,"inconnu","inconnu","inconnu",0,0,0,0,0,0,0,0,0,0,0,0,0,0,0,0,0,0,0,0,0
161023,"Attaquant",4,"France","aucun","aucun",0,0,NA,NA,NA,NA,NA,NA,NA,NA,NA,NA,NA,NA,NA,"inconnu","inconnu","inconnu",0,0,0,0,0,0,0,0,0,0,0,0,0,0,0,0,0,0,0,0,0
3869225,"Attaquant",7,"France","aucun","aucun",0,0,NA,NA,NA,NA,NA,NA,NA,NA,NA,NA,NA,NA,NA,"inconnu","inconnu","inconnu",0,0,0,0,0,0,0,0,0,0,0,0,0,0,0,0,0,0,0,0,0
357656,"Attaquant",9,"Française","aucun","aucun",0,0,NA,NA,NA,NA,NA,NA,NA,NA,NA,NA,0,30.92,2,"inconnu","inconnu","inconnu",0,0,0,0,0,0,0,0,0,0,0,0,0,0,0,0,0,0,0,0,0
316335,"Attaquant",4,"Etranger","aucun","aucun",0,0,NA,NA,NA,NA,NA,NA,NA,NA,NA,NA,0,22.8,2,"inconnu","inconnu","inconnu",0,0,0,0,0,0,0,0,0,0,0,0,0,0,0,0,0,0,0,0,0
207912,"Milieu",5,"Française","aucun","aucun",0,0,NA,NA,NA,NA,NA,NA,NA,NA,NA,NA,0,91.74,1,"inconnu","inconnu","inconnu",0,0,0,0,0,0,0,0,0,0,0,0,0,0,0,0,0,0,0,0,0
77535,"Gardien de But",11,"France","aucun","aucun",0,0,NA,NA,NA,NA,NA,NA,NA,NA,NA,NA,0,23.14,2,"inconnu","inconnu","inconnu",0,0,0,0,0,0,0,0,0,0,0,0,0,0,0,0,0,0,0,0,0
472706,"Milieu",4,"France","aucun","aucun",0,0,NA,NA,NA,NA,NA,NA,NA,NA,NA,NA,0,77.25,1,"inconnu","inconnu","inconnu",0,0,0,0,0,0,0,0,0,0,0,0,0,0,0,0,0,0,0,0,0
8670100,"Attaquant",2,"Algérie","aucun","aucun",0,0,NA,NA,NA,NA,NA,NA,NA,NA,NA,NA,0,15.63,10,"inconnu","inconnu","inconnu",0,0,0,0,0,0,0,0,0,0,0,0,0,0,0,0,0,0,0,0,0
350731,"Milieu",8,"France","CFM - CENTRE DE FORMATION AMIENS SP.C. PICARDIE","PEM - PEM PLOUFRAGAN",0,0,NA,NA,NA,NA,NA,NA,NA,NA,NA,NA,0.00016,9.48,2,"inconnu","inconnu","inconnu",0,0,0,0,0,0,0,0,0,0,0,0,0,0,0,0,0,0,0,0,0
2051282,"Milieu",9,"France","aucun","aucun",0,0,NA,NA,NA,NA,NA,NA,NA,NA,NA,NA,0,74.33,1,"inconnu","inconnu","inconnu",0,0,0,0,0,0,0,0,0,0,0,0,0,0,0,0,0,0,0,0,0
9118265,"Milieu",7,"France","aucun","aucun",0,0,NA,NA,NA,NA,NA,NA,NA,NA,NA,NA,NA,NA,NA,"inconnu","inconnu","inconnu",0,0,0,0,0,0,0,0,0,0,0,0,0,0,0,0,0,0,0,0,0
8159302,"Défenseur",2,"France","aucun","aucun",0,0,NA,NA,NA,NA,NA,NA,NA,NA,NA,NA,0,84.38,1,"inconnu","inconnu","inconnu",0,0,0,0,0,0,0,0,0,0,0,0,0,0,0,0,0,0,0,0,0
3077179,"Milieu",8,"France","aucun","aucun",0,0,NA,NA,NA,NA,NA,NA,NA,NA,NA,NA,0.00012,10.69,5,"inconnu","inconnu","inconnu",0,0,0,0,0,0,0,0,0,0,0,0,0,0,0,0,0,0,0,0,0
3482481,"Milieu",2,"France","aucun","aucun",0,0,NA,NA,NA,NA,NA,NA,NA,NA,NA,NA,NA,NA,NA,"inconnu","inconnu","inconnu",0,0,0,0,0,0,0,0,0,0,0,0,0,0,0,0,0,0,0,0,0
340080,"Attaquant",11,"Française","CFM - CENTRE DE FORMATION LE HAVRE A.C.","aucun",0,0,NA,NA,NA,NA,NA,NA,NA,NA,NA,NA,0.00178,20.86,3,"inconnu","inconnu","inconnu",0,0,0,0,0,0,0,0,0,0,0,0,0,0,0,0,0,0,0,0,0
3745591,"Milieu",11,"Mali","aucun","aucun",0,0,NA,NA,NA,NA,NA,NA,NA,NA,NA,NA,NA,NA,NA,"inconnu","inconnu","inconnu",0,0,0,0,0,0,0,0,0,0,0,0,0,0,0,0,0,0,0,0,0
9356870,"Défenseur",8,"France","aucun","aucun",0,0,NA,NA,NA,NA,NA,NA,NA,NA,NA,NA,0,90,2,"inconnu","inconnu","inconnu",0,0,0,0,0,0,0,0,0,0,0,0,0,0,0,0,0,0,0,0,0
3497753,"Gardien de But",10,"France","aucun","aucun",0,0,NA,NA,NA,NA,NA,NA,NA,NA,NA,NA,0,36.67,1,"inconnu","inconnu","inconnu",0,0,0,0,0,0,0,0,0,0,0,0,0,0,0,0,0,0,0,0,0
4519279,"Défenseur",12,"France","aucun","aucun",0,0,NA,NA,NA,NA,NA,NA,NA,NA,NA,NA,0,33,2,"inconnu","inconnu","inconnu",0,0,0,0,0,0,0,0,0,0,0,0,0,0,0,0,0,0,0,0,0
17261,"Attaquant",11,"Etranger","aucun","aucun",0,0,NA,NA,NA,NA,NA,NA,NA,NA,NA,NA,NA,NA,NA,"inconnu","inconnu","inconnu",0,0,0,0,0,0,0,0,0,0,0,0,0,0,0,0,0,0,0,0,0
186335,"Défenseur",8,"Maroc","CFM - CENTRE DE FORMATION ST. RENNAIS F.C.","PEM - PEM CLAIREFONTAINE",0,0,NA,NA,NA,NA,NA,NA,NA,NA,NA,NA,0,92.5,2,"inconnu","inconnu","inconnu",0,0,0,0,0,0,0,0,0,0,0,0,0,0,0,0,0,0,0,0,0
41847,"Milieu",5,"France","aucun","aucun",0,0,NA,NA,NA,NA,NA,NA,NA,NA,NA,NA,5e-05,17.83,2,"inconnu","inconnu","inconnu",0,0,0,0,0,0,0,0,0,0,0,0,0,0,0,0,0,0,0,0,0
9831991,"Défenseur",5,"France","aucun","aucun",0,0,NA,NA,NA,NA,NA,NA,NA,NA,NA,NA,NA,NA,NA,"inconnu","inconnu","inconnu",0,0,0,0,0,0,0,0,0,0,0,0,0,0,0,0,0,0,0,0,0
102458,"Attaquant",8,"Côte d'Ivoire","aucun","aucun",0,1,NA,NA,NA,NA,NA,NA,NA,NA,NA,NA,0,0,2,"inconnu","inconnu","inconnu",0,0,0,0,0,0,0,0,0,0,0,0,0,0,0,0,0,0,0,0,0
58793,"Défenseur",2,"France","aucun","aucun",0,0,NA,NA,NA,NA,NA,NA,NA,NA,NA,NA,0.00023,8.83,9,"inconnu","inconnu","inconnu",0,0,0,0,0,0,0,0,0,0,0,0,0,0,0,0,0,0,0,0,0
161708,"Milieu",10,"Luxembourg","aucun","aucun",0,0,NA,NA,NA,NA,NA,NA,NA,NA,NA,NA,0,78.47,1,"inconnu","inconnu","inconnu",0,0,0,0,0,0,0,0,0,0,0,0,0,0,0,0,0,0,0,0,0
201253,"Attaquant",8,"France","aucun","aucun",0,0,NA,NA,NA,NA,NA,NA,NA,NA,NA,NA,0.00011,20.68,4,"inconnu","inconnu","inconnu",0,0,0,0,0,0,0,0,0,0,0,0,0,0,0,0,0,0,0,0,0
3927916,"Attaquant",6,"France","aucun","aucun",0,0,NA,NA,NA,NA,NA,NA,NA,NA,NA,NA,3e-05,14.74,3,"inconnu","inconnu","inconnu",0,0,0,0,0,0,0,0,0,0,0,0,0,0,0,0,0,0,0,0,0
220662,"Défenseur",4,"France","aucun","aucun",0,0,NA,NA,NA,NA,NA,NA,NA,NA,NA,NA,NA,NA,NA,"inconnu","inconnu","inconnu",0,0,0,0,0,0,0,0,0,0,0,0,0,0,0,0,0,0,0,0,0
116513,"Défenseur",6,"France","aucun","aucun",0,0,NA,NA,NA,NA,NA,NA,NA,NA,NA,NA,0,42.55,3,"inconnu","inconnu","inconnu",0,0,0,0,0,0,0,0,0,0,0,0,0,0,0,0,0,0,0,0,0
10021069,"Défenseur",2,"France","aucun","aucun",0,0,NA,NA,NA,NA,NA,NA,NA,NA,NA,NA,NA,NA,NA,"inconnu","inconnu","inconnu",0,0,0,0,0,0,0,0,0,0,0,0,0,0,0,0,0,0,0,0,0
2093530,"Milieu",6,"France","aucun","PEM - PEM REIMS",0,0,NA,NA,NA,NA,NA,NA,NA,NA,NA,NA,0,16.51,3,"inconnu","inconnu","inconnu",0,0,0,0,0,0,0,0,0,0,0,0,0,0,0,0,0,0,0,0,0
7428937,"Attaquant",11,"France","aucun","aucun",0,0,NA,NA,NA,NA,NA,NA,NA,NA,NA,NA,NA,NA,NA,"inconnu","inconnu","inconnu",0,0,0,0,0,0,0,0,0,0,0,0,0,0,0,0,0,0,0,0,0
155503,"Milieu",1,"France","aucun","aucun",0,0,NA,NA,NA,NA,NA,NA,NA,NA,NA,NA,NA,NA,NA,"inconnu","inconnu","inconnu",0,0,0,0,0,0,0,0,0,0,0,0,0,0,0,0,0,0,0,0,0
203967,"Défenseur",11,"Martinique","aucun","aucun",0,0,NA,NA,NA,NA,NA,NA,NA,NA,NA,NA,NA,NA,NA,"inconnu","inconnu","inconnu",0,0,0,0,0,0,0,0,0,0,0,0,0,0,0,0,0,0,0,0,0
7994340,"Milieu",12,"France","aucun","aucun",0,0,NA,NA,NA,NA,NA,NA,NA,NA,NA,NA,NA,NA,NA,"inconnu","inconnu","inconnu",0,0,0,0,0,0,0,0,0,0,0,0,0,0,0,0,0,0,0,0,0
5584925,"Milieu",6,"Française","aucun","aucun",0,0,NA,NA,NA,NA,NA,NA,NA,NA,NA,NA,1e-04,15.05,4,"inconnu","inconnu","inconnu",0,0,0,0,0,0,0,0,0,0,0,0,0,0,0,0,0,0,0,0,0
357913,"Milieu",5,"Ukraine","aucun","aucun",0,1,NA,NA,NA,NA,NA,NA,NA,NA,NA,NA,0.00025,174.4,4,"inconnu","inconnu","inconnu",0,0,0,0,0,0,0,0,0,0,0,0,0,0,0,0,0,0,0,0,0
11113566,"Attaquant",3,"France","aucun","aucun",0,0,NA,NA,NA,NA,NA,NA,NA,NA,NA,NA,0.00015,13.81,3,"inconnu","inconnu","inconnu",0,0,0,0,0,0,0,0,0,0,0,0,0,0,0,0,0,0,0,0,0
435,"Milieu",3,"France","aucun","aucun",0,1,NA,NA,NA,NA,NA,NA,NA,NA,NA,NA,0.00191,1.67,3,"inconnu","inconnu","inconnu",0,0,0,0,0,0,0,0,0,0,0,0,0,0,0,0,0,0,0,0,0
4392327,"Défenseur",12,"Française","aucun","aucun",0,0,NA,NA,NA,NA,NA,NA,NA,NA,NA,NA,0.00055,15.25,7,"inconnu","inconnu","inconnu",0,0,0,0,0,0,0,0,0,0,0,0,0,0,0,0,0,0,0,0,0
96112,"Attaquant",1,"France","aucun","aucun",0,0,NA,NA,NA,NA,NA,NA,NA,NA,NA,NA,0,41.47,2,"inconnu","inconnu","inconnu",0,0,0,0,0,0,0,0,0,0,0,0,0,0,0,0,0,0,0,0,0
9865130,"Attaquant",5,"France","aucun","aucun",0,0,NA,NA,NA,NA,NA,NA,NA,NA,NA,NA,NA,NA,NA,"inconnu","inconnu","inconnu",0,0,0,0,0,0,0,0,0,0,0,0,0,0,0,0,0,0,0,0,0
10910969,"Attaquant",12,"France","aucun","aucun",0,0,NA,NA,NA,NA,NA,NA,NA,NA,NA,NA,0,34.07,1,"inconnu","inconnu","inconnu",0,0,0,0,0,0,0,0,0,0,0,0,0,0,0,0,0,0,0,0,0
241361,"Défenseur",6,"Guinée","aucun","aucun",0,0,NA,NA,NA,NA,NA,NA,NA,NA,NA,NA,NA,NA,NA,"inconnu","inconnu","inconnu",0,0,0,0,0,0,0,0,0,0,0,0,0,0,0,0,0,0,0,0,0
7810826,"Milieu",3,"Portugal","aucun","aucun",0,0,NA,NA,NA,NA,NA,NA,NA,NA,NA,NA,0,41.12,2,"inconnu","inconnu","inconnu",0,0,0,0,0,0,0,0,0,0,0,0,0,0,0,0,0,0,0,0,0
5146392,"Gardien de But",11,"France","aucun","aucun",0,0,NA,NA,NA,NA,NA,NA,NA,NA,NA,NA,NA,NA,NA,"inconnu","inconnu","inconnu",0,0,0,0,0,0,0,0,0,0,0,0,0,0,0,0,0,0,0,0,0
52837,"Milieu",2,"Française","CFM - CENTRE DE FORMATION O. DE LYON ET DU RHONE","PEM - PEM CLAIREFONTAINE",0,0,NA,NA,NA,NA,NA,NA,NA,NA,NA,NA,2e-04,8.53,2,"inconnu","inconnu","inconnu",0,0,0,0,0,0,0,0,0,0,0,0,0,0,0,0,0,0,0,0,0
341442,"Défenseur",5,"Slovénie","aucun","aucun",0,1,NA,NA,NA,NA,NA,NA,NA,NA,NA,NA,0,22.18,2,"inconnu","inconnu","inconnu",0,0,0,0,0,0,0,0,0,0,0,0,0,0,0,0,0,0,0,0,0
311904,"Attaquant",1,"Islande","aucun","aucun",0,1,NA,NA,NA,NA,NA,NA,NA,NA,NA,NA,0,10.11,5,"inconnu","inconnu","inconnu",0,0,0,0,0,0,0,0,0,0,0,0,0,0,0,0,0,0,0,0,0
8090409,"Défenseur",8,"France","aucun","aucun",0,0,NA,NA,NA,NA,NA,NA,NA,NA,NA,NA,NA,NA,NA,"inconnu","inconnu","inconnu",0,0,0,0,0,0,0,0,0,0,0,0,0,0,0,0,0,0,0,0,0
158470,"Milieu",4,"France","aucun","PEM - PEM PLOUFRAGAN",0,0,NA,NA,NA,NA,NA,NA,NA,NA,NA,NA,6e-05,14.49,4,"inconnu","inconnu","inconnu",0,0,0,0,0,0,0,0,0,0,0,0,0,0,0,0,0,0,0,0,0
351074,"Milieu",4,"France","aucun","aucun",0,0,NA,NA,NA,NA,NA,NA,NA,NA,NA,NA,NA,NA,NA,"inconnu","inconnu","inconnu",0,0,0,0,0,0,0,0,0,0,0,0,0,0,0,0,0,0,0,0,0
64614,"Milieu",3,"France","aucun","aucun",0,0,NA,NA,NA,NA,NA,NA,NA,NA,NA,NA,NA,NA,NA,"inconnu","inconnu","inconnu",0,0,0,0,0,0,0,0,0,0,0,0,0,0,0,0,0,0,0,0,0
5160566,"Milieu",6,"Guinée-Bissau","aucun","aucun",0,0,NA,NA,NA,NA,NA,NA,NA,NA,NA,NA,0.00124,17.99,1,"inconnu","inconnu","inconnu",0,0,0,0,0,0,0,0,0,0,0,0,0,0,0,0,0,0,0,0,0
130943,"Milieu",6,"France","CFM - CENTRE DE FORMATION F.C. METZ","aucun",0,1,NA,NA,NA,NA,NA,NA,NA,NA,NA,NA,0,25.75,1,"inconnu","inconnu","inconnu",0,0,0,0,0,0,0,0,0,0,0,0,0,0,0,0,0,0,0,0,0
167439,"Attaquant",6,"Corée du Sud","aucun","aucun",0,1,NA,NA,NA,NA,NA,NA,NA,NA,NA,NA,0.002,11.61,3,"inconnu","inconnu","inconnu",0,0,0,0,0,0,0,0,0,0,0,0,0,0,0,0,0,0,0,0,0
229556,"Milieu",1,"Espagne","aucun","aucun",0,1,NA,NA,NA,NA,NA,NA,NA,NA,NA,NA,0,6.12,2,"inconnu","inconnu","inconnu",0,0,0,0,0,0,0,0,0,0,0,0,0,0,0,0,0,0,0,0,0
34295,"Attaquant",6,"Sénégal","CFM - CENTRE DE FORMATION F.C. METZ","aucun",0,0,NA,NA,NA,NA,NA,NA,NA,NA,NA,NA,NA,NA,NA,"inconnu","inconnu","inconnu",0,0,0,0,0,0,0,0,0,0,0,0,0,0,0,0,0,0,0,0,0
961743,"Milieu",1,"France","aucun","aucun",0,0,NA,NA,NA,NA,NA,NA,NA,NA,NA,NA,NA,NA,NA,"inconnu","inconnu","inconnu",0,0,0,0,0,0,0,0,0,0,0,0,0,0,0,0,0,0,0,0,0
11619299,"Défenseur",6,"France","aucun","aucun",0,0,NA,NA,NA,NA,NA,NA,NA,NA,NA,NA,0,92.1,2,"inconnu","inconnu","inconnu",0,0,0,0,0,0,0,0,0,0,0,0,0,0,0,0,0,0,0,0,0
10148867,"Défenseur",4,"France","aucun","aucun",0,0,NA,NA,NA,NA,NA,NA,NA,NA,NA,NA,NA,NA,NA,"inconnu","inconnu","inconnu",0,0,0,0,0,0,0,0,0,0,0,0,0,0,0,0,0,0,0,0,0
234129,"Attaquant",10,"Française","aucun","aucun",0,0,NA,NA,NA,NA,NA,NA,NA,NA,NA,NA,NA,NA,NA,"inconnu","inconnu","inconnu",0,0,0,0,0,0,0,0,0,0,0,0,0,0,0,0,0,0,0,0,0
352227,"Défenseur",5,"Mali","aucun","aucun",0,1,NA,NA,NA,NA,NA,NA,NA,NA,NA,NA,0,4.71,4,"inconnu","inconnu","inconnu",0,0,0,0,0,0,0,0,0,0,0,0,0,0,0,0,0,0,0,0,0
9417174,"Milieu",4,"France","aucun","aucun",0,0,NA,NA,NA,NA,NA,NA,NA,NA,NA,NA,0,107.11,2,"inconnu","inconnu","inconnu",0,0,0,0,0,0,0,0,0,0,0,0,0,0,0,0,0,0,0,0,0
7540250,"Milieu",1,"Guinée","aucun","aucun",0,0,NA,NA,NA,NA,NA,NA,NA,NA,NA,NA,NA,NA,NA,"inconnu","inconnu","inconnu",0,0,0,0,0,0,0,0,0,0,0,0,0,0,0,0,0,0,0,0,0
8873496,"Attaquant",2,"France","aucun","aucun",0,0,NA,NA,NA,NA,NA,NA,NA,NA,NA,NA,0.00026,20.56,3,"inconnu","inconnu","inconnu",0,0,0,0,0,0,0,0,0,0,0,0,0,0,0,0,0,0,0,0,0
115469,"Milieu",2,"France","aucun","aucun",0,0,NA,NA,NA,NA,NA,NA,NA,NA,NA,NA,0,15.54,6,"inconnu","inconnu","inconnu",0,0,0,0,0,0,0,0,0,0,0,0,0,0,0,0,0,0,0,0,0
2415568,"Milieu",8,"France","aucun","aucun",0,0,NA,NA,NA,NA,NA,NA,NA,NA,NA,NA,NA,NA,NA,"inconnu","inconnu","inconnu",0,0,0,0,0,0,0,0,0,0,0,0,0,0,0,0,0,0,0,0,0
10549731,"Milieu",4,"France","CFM - CENTRE DE FORMATION A.J. AUXERROISE","PEM - PEM AIX EN PROVENCE",0,0,NA,NA,NA,NA,NA,NA,NA,NA,NA,NA,NA,NA,NA,"inconnu","inconnu","inconnu",0,0,0,0,0,0,0,0,0,0,0,0,0,0,0,0,0,0,0,0,0
1202787,"Gardien de But",12,"Gabon","aucun","aucun",0,0,NA,NA,NA,NA,NA,NA,NA,NA,NA,NA,NA,NA,NA,"inconnu","inconnu","inconnu",0,0,0,0,0,0,0,0,0,0,0,0,0,0,0,0,0,0,0,0,0
105935,"Milieu",3,"Cameroun","aucun","aucun",0,0,NA,NA,NA,NA,NA,NA,NA,NA,NA,NA,NA,NA,NA,"inconnu","inconnu","inconnu",0,0,0,0,0,0,0,0,0,0,0,0,0,0,0,0,0,0,0,0,0
121777,"Attaquant",7,"France","aucun","aucun",0,0,NA,NA,NA,NA,NA,NA,NA,NA,NA,NA,NA,NA,NA,"inconnu","inconnu","inconnu",0,0,0,0,0,0,0,0,0,0,0,0,0,0,0,0,0,0,0,0,0
27671,"Milieu",3,"Cameroun","aucun","aucun",0,0,NA,NA,NA,NA,NA,NA,NA,NA,NA,NA,NA,NA,1,"inconnu","inconnu","inconnu",0,0,0,0,0,0,0,0,0,0,0,0,0,0,0,0,0,0,0,0,0
9990498,"Gardien de But",1,"Française","aucun","aucun",0,0,NA,NA,NA,NA,NA,NA,NA,NA,NA,NA,0,49.5,2,"inconnu","inconnu","inconnu",0,0,0,0,0,0,0,0,0,0,0,0,0,0,0,0,0,0,0,0,0
27331,"Défenseur",12,"Angleterre","aucun","aucun",0,0,NA,NA,NA,NA,NA,NA,NA,NA,NA,NA,NA,NA,NA,"inconnu","inconnu","inconnu",0,0,0,0,0,0,0,0,0,0,0,0,0,0,0,0,0,0,0,0,0
22712,"Attaquant",7,"France","aucun","aucun",0,0,NA,NA,NA,NA,NA,NA,NA,NA,NA,NA,NA,NA,NA,"inconnu","inconnu","inconnu",0,0,0,0,0,0,0,0,0,0,0,0,0,0,0,0,0,0,0,0,0
8849705,"Milieu",3,"Française","aucun","aucun",0,0,NA,NA,NA,NA,NA,NA,NA,NA,NA,NA,NA,NA,NA,"inconnu","inconnu","inconnu",0,0,0,0,0,0,0,0,0,0,0,0,0,0,0,0,0,0,0,0,0
167554,"Gardien de But",12,"Tahiti","aucun","aucun",0,0,NA,NA,NA,NA,NA,NA,NA,NA,NA,NA,NA,NA,NA,"inconnu","inconnu","inconnu",0,0,0,0,0,0,0,0,0,0,0,0,0,0,0,0,0,0,0,0,0
3323647,"Défenseur",9,"France","aucun","aucun",0,0,NA,NA,NA,NA,NA,NA,NA,NA,NA,NA,NA,NA,NA,"inconnu","inconnu","inconnu",0,0,0,0,0,0,0,0,0,0,0,0,0,0,0,0,0,0,0,0,0
169365,"Défenseur",5,"Serbie","aucun","aucun",0,0,NA,NA,NA,NA,NA,NA,NA,NA,NA,NA,NA,NA,NA,"inconnu","inconnu","inconnu",0,0,0,0,0,0,0,0,0,0,0,0,0,0,0,0,0,0,0,0,0
5754121,"Attaquant",6,"France","aucun","aucun",0,0,NA,NA,NA,NA,NA,NA,NA,NA,NA,NA,NA,NA,NA,"inconnu","inconnu","inconnu",0,0,0,0,0,0,0,0,0,0,0,0,0,0,0,0,0,0,0,0,0
9334509,"Défenseur",4,"Haïti","aucun","aucun",0,0,NA,NA,NA,NA,NA,NA,NA,NA,NA,NA,NA,NA,NA,"inconnu","inconnu","inconnu",0,0,0,0,0,0,0,0,0,0,0,0,0,0,0,0,0,0,0,0,0
