"ID_INDIVIDU","POSTE","MOIS_NAISSANCE","NATIONALITE","CF_AGREE","POLE_ESPOIR","NB_PALMARES_AVANT_21","exp_avant_21","Anthropometrie","Detente_horizontale","Vitesse_lineaire","Vivacite","Jeux_reduits","Match","Conduite_de_balle","Gardiens_de_but","Jonglerie_en_mouvement","Vitesse_max_aerobie","NB_BUT_PAR_MIN_JOUE_PAR_SAISON_AVANT_21","NB_MIN_JOUE_PAR_MATCH_PAR_SAISON_AVANT_21","NB_CLUB_AVANT_21","TOP_50_AVANT_21","TOP_50_150_AVANT_21","top_restant_AVANT_21","France U16","France U17","France U18","France U19","France U20","France U21","U16_NB_BUT","U16_NB_MATCH_JOUE","U16_NB_MIN_JOUE","U16_TITULARISATION","U17_NB_BUT","U17_NB_MATCH_JOUE","U17_NB_MIN_JOUE","U17_TITULARISATION","U18_NB_BUT","U18_NB_MATCH_JOUE","U18_NB_MIN_JOUE","U18_TITULARISATION","U19_NB_BUT","U19_NB_MATCH_JOUE","U19_NB_MIN_JOUE","U19_TITULARISATION","U20_NB_BUT","U20_NB_MATCH_JOUE","U20_NB_MIN_JOUE","U20_TITULARISATION","U21_NB_BUT","U21_NB_MATCH_JOUE","U21_NB_MIN_JOUE","U21_TITULARISATION","Y"
26,"Defenseur",11,"France","CFM - CENTRE DE FORMATION O. DE LYON ET DU RHONE","aucun",0,0,18.48,18.48,18.48,18.48,18.48,18.48,NA,NA,NA,NA,6e-05,8.71,4,"1","1","0",0,0,1,1,1,1,NA,NA,NA,NA,NA,NA,NA,NA,NA,6,450,5,NA,4,286,3,NA,2,180,2,NA,3,99,1,0
75,"Milieu",4,"France","CFM - CENTRE DE FORMATION VALENCIENNES F.C.","PEM - PEM CASTELMAUROU",1,0,NA,NA,NA,NA,NA,NA,NA,NA,NA,NA,8e-05,17.68,2,"1","0","0",0,0,0,1,1,1,NA,NA,NA,NA,NA,NA,NA,NA,NA,NA,NA,NA,NA,21,1453,15,2,7,469,5,NA,24,1968,24,0
78,"Defenseur",2,"France","CFM - CENTRE DE FORMATION A.J. AUXERROISE","aucun",0,0,NA,NA,NA,NA,NA,NA,NA,NA,NA,NA,NA,NA,NA,"inconnu","inconnu","inconnu",0,0,0,0,0,1,NA,NA,NA,NA,NA,NA,NA,NA,NA,NA,NA,NA,NA,NA,NA,NA,NA,NA,NA,NA,NA,12,968,10,1
86,"Milieu",6,"Sénégal","CFM - ACADEMY AS MONACO FC","PEM - PEM AIX EN PROVENCE",1,0,NA,NA,NA,NA,NA,NA,NA,NA,NA,NA,0,65,1,"0","1","0",0,0,1,1,1,1,NA,NA,NA,NA,NA,NA,NA,NA,NA,3,270,3,NA,8,720,8,NA,13,991,11,NA,4,189,2,0
148,"Milieu",7,"France","CFM - ACADEMY AS MONACO FC","aucun",0,1,NA,NA,NA,NA,NA,NA,NA,NA,NA,NA,0,9.39,4,"0","1","0",0,1,1,1,0,1,NA,NA,NA,NA,NA,3,87,1,NA,13,758,10,NA,6,333,4,NA,NA,NA,NA,NA,2,99,1,0
185,"Defenseur",6,"France","aucun","aucun",3,1,NA,NA,NA,NA,NA,NA,NA,NA,NA,NA,0.00014,10.92,2,"1","0","0",1,1,1,1,1,1,2,13,934,9,NA,10,855,10,NA,9,775,9,NA,6,452,6,1,7,565,7,2,6,462,5,0
226,"Attaquant",12,"France","aucun","aucun",5,0,NA,NA,NA,NA,NA,NA,NA,NA,NA,NA,0.00691,5.71,1,"1","0","0",0,0,0,0,0,1,NA,NA,NA,NA,NA,NA,NA,NA,NA,NA,NA,NA,NA,NA,NA,NA,NA,NA,NA,NA,NA,5,237,4,1
282,"Defenseur",2,"France","aucun","aucun",5,1,NA,NA,NA,NA,NA,NA,NA,NA,NA,NA,0.00062,5.62,3,"1","1","1",0,0,0,0,0,1,NA,NA,NA,NA,NA,NA,NA,NA,NA,NA,NA,NA,NA,NA,NA,NA,NA,NA,NA,NA,2,20,1663,18,1
291,"Defenseur",1,"Sénégal","aucun","aucun",1,0,NA,NA,NA,NA,NA,NA,NA,NA,NA,NA,4e-05,11.01,3,"1","1","0",1,0,0,0,0,1,NA,9,462,5,NA,NA,NA,NA,NA,NA,NA,NA,NA,NA,NA,NA,NA,NA,NA,NA,NA,9,603,8,0
331,"Milieu",3,"France","CFM - CENTRE DE FORMATION O. DE LYON ET DU RHONE","aucun",0,0,NA,NA,NA,NA,NA,NA,NA,NA,NA,NA,6e-04,22.62,4,"1","0","0",0,0,0,0,0,1,NA,NA,NA,NA,NA,NA,NA,NA,NA,NA,NA,NA,NA,NA,NA,NA,NA,NA,NA,NA,NA,10,411,3,0
334,"Attaquant",6,"France","CFM - CENTRE DE FORMATION LA BERRICHONNE DE CHATEAUROUX","aucun",0,1,NA,NA,NA,NA,NA,NA,NA,NA,NA,NA,0.00146,17.96,4,"1","1","0",0,0,0,1,0,1,NA,NA,NA,NA,NA,NA,NA,NA,NA,NA,NA,NA,2,3,171,2,NA,NA,NA,NA,3,11,445,3,0
344,"Attaquant",4,"Etats-Unis","CFM - CENTRE DE FORMATION ST DE REIMS","aucun",2,0,NA,NA,NA,NA,NA,NA,NA,NA,NA,NA,0.00205,24.83,3,"0","0","1",0,0,0,0,0,1,NA,NA,NA,NA,NA,NA,NA,NA,NA,NA,NA,NA,NA,NA,NA,NA,NA,NA,NA,NA,1,2,93,1,0
397,"Attaquant",9,"Cote d'ivoire","CFM - CENTRE DE FORMATION F.C. METZ","aucun",2,0,NA,NA,NA,NA,NA,NA,NA,NA,NA,NA,0.00084,15.84,1,"1","0","0",1,1,1,1,1,1,5,15,966,11,4,9,759,9,4,4,248,3,7,17,1327,16,1,2,90,1,1,5,360,4,0
412,"Defenseur",1,"France","CFM - CENTRE DE FORMATION O.G.C. NICE COTE D'AZUR","aucun",1,1,NA,NA,NA,NA,NA,NA,NA,NA,NA,NA,7e-05,10.48,3,"1","1","1",1,1,1,1,1,1,1,9,590,7,NA,11,945,10,NA,4,360,4,NA,10,784,9,NA,2,180,2,NA,8,465,4,0
423,"Defenseur",6,"France","CFM - CENTRE DE FORMATION AMIENS SP.C. PICARDIE","aucun",0,1,6.6,11.42,11.42,11.42,6.6,6.6,16.24,16.24,16.24,NA,2e-05,11.9,2,"0","0","1",0,0,1,0,0,1,NA,NA,NA,NA,NA,NA,NA,NA,NA,4,216,2,NA,NA,NA,NA,NA,NA,NA,NA,NA,3,171,2,0
438,"Defenseur",2,"Maurice","CFM - CENTRE DE FORMATION ST. LAVALLOIS F.C.","aucun",0,0,NA,NA,NA,NA,NA,NA,NA,NA,NA,NA,NA,NA,NA,"inconnu","inconnu","inconnu",0,0,1,1,1,1,NA,NA,NA,NA,NA,NA,NA,NA,1,8,618,7,1,10,765,9,NA,10,792,9,1,4,270,3,0
452,"Defenseur",4,"France","CFM - CENTRE DE FORMATION O. DE LYON ET DU RHONE","PEM - PEM DIJON",0,1,NA,11.34,11.34,11.34,NA,NA,11.34,11.35,11.34,NA,0.00026,11.34,4,"1","0","1",1,0,0,1,1,1,NA,3,154,2,NA,NA,NA,NA,NA,NA,NA,NA,NA,11,722,8,1,4,202,2,NA,NA,0,NA,0
491,"Defenseur",10,"France","CFM - CENTRE DE FORMATION A.S. ST ETIENNE","aucun",5,1,NA,NA,NA,NA,NA,NA,NA,NA,NA,NA,0.00033,25.21,2,"1","0","1",1,1,0,1,1,1,NA,6,422,5,1,17,1418,17,NA,NA,NA,NA,NA,1,90,1,NA,9,788,9,1,7,490,7,1
527,"Milieu",7,"France","CFM - ACADEMY AS MONACO FC","aucun",0,1,20,NA,NA,NA,20,20,NA,NA,NA,NA,0.00036,18.39,3,"0","1","1",0,0,0,0,0,1,NA,NA,NA,NA,NA,NA,NA,NA,NA,NA,NA,NA,NA,NA,NA,NA,NA,NA,NA,NA,2,8,463,5,0
558,"Attaquant",8,"France","aucun","aucun",0,0,NA,NA,NA,NA,NA,NA,NA,NA,NA,NA,NA,NA,NA,"inconnu","inconnu","inconnu",0,0,0,0,0,1,NA,NA,NA,NA,NA,NA,NA,NA,NA,NA,NA,NA,NA,NA,NA,NA,NA,NA,NA,NA,NA,3,147,2,1
563,"Milieu",5,"France","aucun","aucun",5,1,NA,NA,NA,NA,NA,NA,NA,NA,NA,NA,8e-05,17.24,3,"1","0","0",1,1,1,1,1,1,NA,2,88,1,1,7,474,6,2,10,722,8,NA,6,289,3,NA,2,110,1,NA,2,152,2,0
579,"Attaquant",7,"France","aucun","aucun",5,1,NA,NA,NA,NA,NA,NA,NA,NA,NA,NA,0.00052,23.95,2,"0","1","1",1,1,1,1,1,1,4,14,760,10,NA,3,157,1,2,3,165,1,1,10,556,5,NA,4,229,4,13,25,1556,20,0
590,"Defenseur",7,"France","aucun","aucun",4,1,NA,NA,NA,NA,NA,NA,NA,NA,NA,NA,0,0.67,1,"0","0","1",0,0,0,0,0,1,NA,NA,NA,NA,NA,NA,NA,NA,NA,NA,NA,NA,NA,NA,NA,NA,NA,NA,NA,NA,NA,13,840,9,1
601,"Attaquant",3,"Mali","CFM - CENTRE DE FORMATION O. DE LYON ET DU RHONE","aucun",1,0,NA,NA,NA,NA,NA,NA,NA,NA,NA,NA,0.0014,35.8,1,"1","0","0",0,0,1,1,1,1,NA,NA,NA,NA,NA,NA,NA,NA,1,3,158,2,2,15,890,10,3,6,259,2,NA,1,34,NA,1
666,"Defenseur",3,"France","CFM - CENTRE DE FORMATION O.G.C. NICE COTE D'AZUR","aucun",0,1,NA,NA,NA,NA,NA,NA,NA,NA,NA,NA,0,27.8,2,"0","1","0",0,0,1,0,1,1,NA,NA,NA,NA,NA,NA,NA,NA,NA,2,88,1,NA,NA,NA,NA,NA,6,458,5,1,10,703,8,0
676,"Defenseur",6,"Algérie","CFM - CENTRE DE FORMATION ANGERS S.C.O.","aucun",0,1,NA,NA,NA,NA,NA,NA,NA,NA,NA,NA,5e-05,9.64,2,"0","1","1",0,0,1,1,0,1,NA,NA,NA,NA,NA,NA,NA,NA,NA,10,893,10,NA,2,28,NA,NA,NA,NA,NA,NA,5,342,3,0
736,"Milieu",1,"France","CFM - CENTRE DE FORMATION R.C. LENSOIS","aucun",3,1,NA,NA,NA,NA,NA,NA,NA,NA,NA,NA,0.00027,11.87,5,"1","0","1",1,1,1,1,1,1,NA,1,64,1,1,10,568,7,1,8,571,7,NA,9,641,7,NA,1,90,1,7,21,1307,17,0
786,"Gardien de But",5,"France","CFM - CENTRE DE FORMATION AS NANCY LORRAINE","aucun",0,1,NA,NA,NA,NA,NA,NA,NA,NA,NA,NA,0,90,1,"0","1","0",0,1,1,1,1,1,NA,NA,NA,NA,NA,1,50,NA,NA,1,90,1,NA,1,76,NA,NA,5,406,5,NA,3,187,3,0
800,"Defenseur",12,"Guinée","CFM - CENTRE DE FORMATION O. DE LYON ET DU RHONE","PEM - PEM SAINT-SEBASTIEN SUR LOIRE",0,0,NA,NA,NA,NA,NA,NA,NA,NA,NA,NA,0.00074,17.75,2,"1","0","0",0,0,0,1,1,1,NA,NA,NA,NA,NA,NA,NA,NA,NA,NA,NA,NA,NA,11,920,10,NA,6,540,6,1,9,810,9,0
812,"Attaquant",8,"France","CFM - CENTRE DE FORMATION ST DE REIMS","aucun",0,0,NA,NA,NA,NA,NA,NA,NA,NA,NA,NA,0.00467,53.5,1,"0","0","1",0,0,0,0,0,1,NA,NA,NA,NA,NA,NA,NA,NA,NA,NA,NA,NA,NA,NA,NA,NA,NA,NA,NA,NA,1,1,12,NA,0
835,"Milieu",4,"France","aucun","aucun",0,1,NA,NA,NA,NA,NA,NA,NA,NA,NA,NA,0.00578,10.18,1,"0","1","0",0,0,0,0,0,1,NA,NA,NA,NA,NA,NA,NA,NA,NA,NA,NA,NA,NA,NA,NA,NA,NA,NA,NA,NA,2,13,927,11,1
859,"Attaquant",7,"France","CFM - CENTRE DE FORMATION ESPER. TROYES AUBE CHAMPAGNE","aucun",2,1,NA,NA,NA,NA,NA,NA,NA,NA,NA,NA,0,38,1,"0","1","0",1,1,1,1,1,1,NA,1,50,1,NA,12,761,6,1,6,421,5,NA,6,379,5,NA,2,111,1,NA,8,279,4,0
885,"Defenseur",7,"France","CFM - CENTRE DE FORMATION ESPER. TROYES AUBE CHAMPAGNE","aucun",0,0,NA,NA,NA,NA,NA,NA,NA,NA,NA,NA,0.005,66.67,1,"1","0","0",0,0,0,0,1,1,NA,NA,NA,NA,NA,NA,NA,NA,NA,NA,NA,NA,NA,NA,NA,NA,NA,10,823,8,NA,1,90,1,1
926,"Milieu",1,"Mali","CFM - CENTRE DE FORMATION ST. RENNAIS F.C.","aucun",2,0,NA,NA,NA,NA,NA,NA,NA,NA,NA,NA,NA,NA,NA,"inconnu","inconnu","inconnu",0,1,1,1,1,1,NA,NA,NA,NA,1,19,1386,16,1,5,379,4,NA,7,477,5,1,3,98,1,NA,1,75,1,0
944,"Milieu",7,"France","CFM - CENTRE DE FORMATION ST. RENNAIS F.C.","aucun",1,0,NA,NA,NA,NA,NA,NA,NA,NA,NA,NA,NA,NA,NA,"inconnu","inconnu","inconnu",0,0,1,1,1,1,NA,NA,NA,NA,NA,NA,NA,NA,NA,4,230,3,1,15,827,8,2,13,598,5,NA,4,183,2,0
970,"Milieu",1,"France","CFM - CENTRE DE FORMATION F.C. DES GIRONDINS DE BORDEAUX","aucun",2,1,NA,16.58,16.58,16.58,NA,NA,16.58,16.58,16.58,NA,0.00015,11.9,4,"1","1","1",1,1,1,1,1,1,NA,11,691,8,NA,14,714,6,1,11,760,9,NA,7,514,6,NA,5,342,4,NA,4,227,3,1
976,"Defenseur",7,"France","aucun","aucun",4,0,NA,NA,NA,NA,NA,NA,NA,NA,NA,NA,0,37.25,1,"1","0","0",0,1,1,1,1,1,NA,NA,NA,NA,NA,11,931,11,2,12,856,9,NA,12,986,11,NA,4,259,3,NA,6,433,5,0
993,"Defenseur",2,"France","CFM - CENTRE DE FORMATION R.C. LENSOIS","PEM - PEM PLOUFRAGAN",0,1,NA,NA,NA,NA,NA,NA,NA,NA,NA,NA,0,66,1,"0","0","1",0,0,1,1,1,1,NA,NA,NA,NA,NA,NA,NA,NA,NA,3,64,NA,NA,3,237,3,1,7,464,6,NA,1,44,NA,0
994,"Milieu",6,"Maroc","CFM - CENTRE DE FORMATION F.C. NANTES","PEM - PEM CLAIREFONTAINE",1,1,NA,NA,NA,NA,NA,NA,NA,NA,NA,NA,0.00025,15.82,2,"0","1","1",0,0,1,1,1,1,NA,NA,NA,NA,NA,NA,NA,NA,1,2,136,2,NA,12,802,9,NA,9,543,7,1,2,130,2,0
1009,"Gardien de But",6,"France","aucun","aucun",0,0,NA,NA,NA,NA,NA,NA,NA,NA,NA,NA,0,15.53,2,"1","0","1",0,0,0,0,0,1,NA,NA,NA,NA,NA,NA,NA,NA,NA,NA,NA,NA,NA,NA,NA,NA,NA,NA,NA,NA,NA,NA,0,NA,0
1038,"Attaquant",3,"France","CFM - CENTRE DE FORMATION ST DE REIMS","PEM - PEM CLAIREFONTAINE",2,1,15.37,15.78,16.76,15.78,16.32,16.32,16.19,15.07,15.07,12.84,0.00011,6.43,5,"1","1","1",1,1,1,0,1,1,3,9,430,5,3,19,911,10,7,11,737,9,NA,NA,NA,NA,2,9,585,5,1,2,134,2,0
1068,"Milieu",10,"Mali","CFM - CENTRE DE FORMATION ST. BRESTOIS 29","aucun",0,0,NA,NA,NA,NA,NA,NA,NA,NA,NA,NA,0.00031,22.94,2,"1","0","1",0,0,1,1,1,1,NA,NA,NA,NA,NA,NA,NA,NA,NA,3,270,3,1,7,242,2,NA,4,251,3,NA,4,115,1,0
1080,"Milieu",11,"France","aucun","aucun",1,1,NA,NA,NA,NA,NA,NA,NA,NA,NA,NA,0.00077,1.52,1,"0","0","1",0,0,0,1,1,1,NA,NA,NA,NA,NA,NA,NA,NA,NA,NA,NA,NA,1,NA,NA,NA,1,5,301,4,1,3,197,2,1
1085,"Milieu",3,"France","CFM - CENTRE DE FORMATION LE HAVRE A.C.","aucun",1,1,NA,NA,NA,NA,NA,NA,NA,NA,NA,NA,0,4.28,1,"1","0","0",0,0,0,0,0,1,NA,NA,NA,NA,NA,NA,NA,NA,NA,NA,NA,NA,NA,NA,NA,NA,NA,NA,NA,NA,NA,20,1447,13,1
1097,"Milieu",10,"France","CFM - CENTRE DE FORMATION O.G.C. NICE COTE D'AZUR","aucun",0,0,NA,NA,NA,NA,NA,NA,NA,NA,NA,NA,0,36.88,1,"0","1","0",0,0,0,1,1,1,NA,NA,NA,NA,NA,NA,NA,NA,NA,NA,NA,NA,NA,1,68,1,NA,2,109,1,2,4,314,3,0
1101,"Milieu",4,"France","CFM - CENTRE DE FORMATION ESPER. TROYES AUBE CHAMPAGNE","PEM - PEM CLAIREFONTAINE",0,0,NA,NA,NA,NA,NA,NA,NA,NA,NA,NA,0,48.38,1,"0","0","1",0,0,0,0,0,1,NA,NA,NA,NA,NA,NA,NA,NA,NA,NA,NA,NA,NA,NA,NA,NA,NA,NA,NA,NA,NA,24,1361,15,1
1113,"Attaquant",2,"France","CFM - CENTRE DE FORMATION LE HAVRE A.C.","aucun",0,1,NA,NA,NA,NA,NA,NA,NA,NA,NA,NA,0.00111,20.44,1,"0","0","0",0,0,0,0,1,1,NA,NA,NA,NA,NA,NA,NA,NA,NA,NA,NA,NA,NA,NA,NA,NA,1,8,487,6,5,8,320,2,0
1135,"Defenseur",7,"France","CFM - CENTRE DE FORMATION NIMES OLYMPIQUE","aucun",0,0,NA,NA,NA,NA,NA,NA,NA,NA,NA,NA,4e-05,16.15,1,"0","0","0",0,0,0,1,0,1,NA,NA,NA,NA,NA,NA,NA,NA,NA,NA,NA,NA,NA,2,180,2,NA,NA,NA,NA,NA,1,83,1,0
1152,"Defenseur",12,"France","aucun","aucun",0,0,NA,NA,NA,NA,NA,NA,NA,NA,NA,NA,0,83.33,1,"0","0","1",0,0,0,0,0,1,NA,NA,NA,NA,NA,NA,NA,NA,NA,NA,NA,NA,NA,NA,NA,NA,NA,NA,NA,NA,NA,1,90,1,0
1210,"Defenseur",3,"Sénégal","CFM - CENTRE DE FORMATION VALENCIENNES F.C.","aucun",0,0,NA,NA,NA,NA,NA,NA,NA,NA,NA,NA,0,40.28,2,"0","0","1",0,0,0,1,1,1,NA,NA,NA,NA,NA,NA,NA,NA,NA,NA,NA,NA,NA,3,64,1,NA,8,614,7,NA,11,893,10,0
1233,"Gardien de But",1,"France","CFM - CENTRE DE FORMATION TOULOUSE FOOTBALL CLUB","PEM - PEM CASTELMAUROU",1,1,NA,NA,NA,NA,NA,NA,NA,NA,NA,NA,0,17.76,3,"1","1","0",1,1,1,1,1,1,NA,5,450,5,NA,2,180,2,NA,4,360,4,NA,5,450,5,NA,7,630,7,NA,14,1260,14,1
1252,"Attaquant",12,"France","CFM - CENTRE DE FORMATION O. DE LYON ET DU RHONE","aucun",4,1,NA,NA,NA,NA,NA,NA,NA,NA,NA,NA,0.00082,18.42,3,"1","1","0",1,1,1,1,0,1,8,17,905,9,1,13,829,11,4,4,287,4,NA,5,313,4,NA,NA,NA,NA,4,12,734,8,1
1272,"Milieu",3,"France","CFM - CENTRE DE FORMATION O. DE LYON ET DU RHONE","aucun",1,0,NA,NA,NA,NA,NA,NA,NA,NA,NA,NA,0.00044,40.57,1,"1","0","0",0,0,0,0,1,1,NA,NA,NA,NA,NA,NA,NA,NA,NA,NA,NA,NA,NA,NA,NA,NA,NA,3,117,1,1,6,314,3,0
1290,"Milieu",6,"Maroc","CFM - CENTRE DE FORMATION ST. RENNAIS F.C.","aucun",0,1,NA,NA,NA,NA,NA,NA,NA,NA,NA,NA,0.00045,10.07,3,"1","1","1",0,0,1,1,1,1,NA,NA,NA,NA,NA,NA,NA,NA,NA,3,94,1,3,7,275,3,NA,2,29,NA,4,13,729,9,0
1363,"Defenseur",6,"France","CFM - CENTRE DE FORMATION A.S. ST ETIENNE","aucun",0,1,NA,NA,NA,NA,NA,NA,NA,NA,NA,NA,9e-05,13.31,3,"0","1","1",0,0,1,1,0,1,NA,NA,NA,NA,NA,NA,NA,NA,NA,3,79,1,NA,1,90,1,NA,NA,NA,NA,NA,1,18,NA,0
1366,"Defenseur",5,"France","CFM - CENTRE DE FORMATION R.C. STRASBOURG ALSACE","aucun",0,1,NA,NA,NA,NA,NA,NA,NA,NA,NA,NA,4e-05,11.14,3,"1","0","1",0,0,0,0,1,1,NA,NA,NA,NA,NA,NA,NA,NA,NA,NA,NA,NA,NA,NA,NA,NA,1,2,168,2,NA,7,342,4,0
1371,"Gardien de But",8,"Cote d'ivoire","CFM - CENTRE DE FORMATION LE HAVRE A.C.","aucun",0,0,13.86,13.86,13.86,13.86,13.86,13.86,NA,13.86,NA,NA,0,7.62,1,"0","1","0",1,1,1,1,0,1,NA,5,373,4,NA,2,180,2,NA,9,810,9,NA,4,360,4,NA,NA,NA,NA,NA,1,90,1,0
1380,"Defenseur",11,"France","CFM - CENTRE DE FORMATION O. DE LYON ET DU RHONE","aucun",4,0,NA,NA,NA,NA,NA,NA,NA,NA,NA,NA,0.00031,22.12,1,"1","0","0",0,1,1,1,1,1,NA,NA,NA,NA,NA,7,564,6,NA,7,584,6,NA,13,1200,13,NA,13,1116,13,1,7,575,7,1
1387,"Attaquant",6,"France","CFM - CENTRE DE FORMATION A.S. ST ETIENNE","PEM - PEM CLAIREFONTAINE",2,0,NA,NA,NA,NA,NA,NA,NA,NA,NA,NA,0.00083,12.71,2,"0","0","1",1,0,1,1,0,1,8,12,877,9,NA,NA,NA,NA,NA,3,128,1,1,4,254,3,NA,NA,NA,NA,1,7,256,2,0
1391,"Milieu",3,"France","CFM - CENTRE DE FORMATION O. DE LYON ET DU RHONE","aucun",4,0,NA,NA,NA,NA,NA,NA,NA,NA,NA,NA,0.00195,6.12,2,"1","0","0",0,0,0,0,0,1,NA,NA,NA,NA,NA,NA,NA,NA,NA,NA,NA,NA,NA,NA,NA,NA,NA,NA,NA,NA,NA,4,213,2,1
1420,"Milieu",4,"France","CFM - CENTRE DE FORMATION O. DE LYON ET DU RHONE","aucun",2,1,NA,NA,NA,NA,NA,NA,NA,NA,NA,NA,0.00056,14.85,4,"1","1","0",1,0,1,0,1,1,NA,2,109,1,NA,NA,NA,NA,3,5,263,2,NA,NA,NA,NA,1,4,234,3,NA,2,27,NA,0
1429,"Defenseur",4,"France","CFM - CENTRE DE FORMATION ST. RENNAIS F.C.","PEM - PEM PLOUFRAGAN",0,0,NA,11.25,11.25,11.25,NA,NA,11.25,11.25,11.25,NA,5e-05,11.13,2,"1","0","0",0,0,0,0,0,1,NA,NA,NA,NA,NA,NA,NA,NA,NA,NA,NA,NA,NA,NA,NA,NA,NA,NA,NA,NA,NA,2,122,1,0
1447,"Gardien de But",4,"France","CFM - CENTRE DE FORMATION ESPER. TROYES AUBE CHAMPAGNE","aucun",2,0,NA,NA,NA,NA,NA,NA,NA,NA,NA,NA,0,21.29,4,"0","0","1",0,1,1,1,1,1,NA,NA,NA,NA,NA,7,630,7,NA,5,450,5,NA,14,1260,14,NA,6,540,6,NA,18,1620,18,0
1489,"Milieu",12,"France","CFM - CENTRE DE FORMATION O. DE MARSEILLE - O.M.","aucun",0,0,NA,NA,NA,NA,NA,NA,NA,NA,NA,NA,0.00018,12.07,2,"1","0","0",0,0,0,0,1,1,NA,NA,NA,NA,NA,NA,NA,NA,NA,NA,NA,NA,NA,NA,NA,NA,NA,3,205,3,NA,13,633,7,0
1506,"Attaquant",12,"France","CFM - CENTRE DE FORMATION F.C. NANTES","aucun",0,0,NA,NA,NA,NA,NA,NA,NA,NA,NA,NA,0.00073,12.73,2,"0","1","0",0,0,0,0,0,1,NA,NA,NA,NA,NA,NA,NA,NA,NA,NA,NA,NA,NA,NA,NA,NA,NA,NA,NA,NA,1,7,227,2,1
1520,"Defenseur",5,"France","aucun","aucun",0,0,NA,NA,NA,NA,NA,NA,NA,NA,NA,NA,NA,NA,1,"1","0","0",0,0,0,1,1,1,NA,NA,NA,NA,NA,NA,NA,NA,NA,NA,NA,NA,NA,6,494,6,1,9,679,7,2,5,358,3,0
1557,"Milieu",2,"Cameroun","CFM - CENTRE DE FORMATION LE HAVRE A.C.","aucun",2,1,NA,NA,NA,NA,NA,NA,NA,NA,NA,NA,0.00017,19.24,3,"1","1","1",1,1,1,1,1,1,5,19,1510,17,NA,8,571,7,1,2,114,2,NA,5,322,4,NA,2,136,2,1,20,1102,12,0
1566,"Defenseur",3,"France","CFM - CENTRE DE FORMATION A.S. ST ETIENNE","aucun",0,1,NA,NA,NA,NA,NA,NA,NA,NA,NA,NA,3e-05,11.77,4,"1","1","1",1,1,1,1,1,1,1,7,549,5,2,6,480,5,1,5,365,4,NA,3,125,1,NA,1,90,1,NA,5,434,5,1
1586,"Milieu",6,"France","CFM - CENTRE DE FORMATION O. DE MARSEILLE - O.M.","aucun",4,1,NA,NA,NA,NA,NA,NA,NA,NA,NA,NA,0.01084,3.51,2,"1","0","1",0,0,0,0,0,1,NA,NA,NA,NA,NA,NA,NA,NA,NA,NA,NA,NA,NA,NA,NA,NA,NA,NA,NA,NA,NA,5,298,3,1
1587,"Defenseur",3,"France","CFM - CENTRE DE FORMATION ST DE REIMS","aucun",0,0,NA,NA,NA,NA,NA,NA,NA,NA,NA,NA,0.00013,14.28,2,"0","0","1",0,0,0,0,1,1,NA,NA,NA,NA,NA,NA,NA,NA,NA,NA,NA,NA,NA,NA,NA,NA,NA,3,270,3,NA,NA,0,NA,1
1591,"Attaquant",5,"France","aucun","aucun",1,0,NA,NA,NA,NA,NA,NA,NA,NA,NA,NA,NA,NA,NA,"inconnu","inconnu","inconnu",0,0,0,0,0,1,NA,NA,NA,NA,NA,NA,NA,NA,NA,NA,NA,NA,NA,NA,NA,NA,NA,NA,NA,NA,1,4,173,3,1
1594,"Defenseur",7,"France","CFM - LOSC LILLE ASSOCIATION","aucun",6,0,NA,NA,NA,NA,NA,NA,NA,NA,NA,NA,0.00033,25.87,2,"1","0","0",0,1,1,1,1,1,NA,NA,NA,NA,NA,15,1350,15,NA,11,775,9,NA,12,1049,11,2,12,1005,12,NA,7,617,7,1
1597,"Defenseur",1,"Guinée","aucun","aucun",1,0,NA,NA,NA,NA,NA,NA,NA,NA,NA,NA,NA,NA,NA,"inconnu","inconnu","inconnu",0,1,1,1,1,1,NA,NA,NA,NA,NA,3,205,2,NA,2,98,1,1,10,866,9,NA,6,540,6,NA,6,500,6,0
1603,"Defenseur",6,"France","CFM - CENTRE DE FORMATION AS NANCY LORRAINE","PEM - PEM LIEVIN",4,1,NA,NA,NA,NA,NA,NA,NA,NA,NA,NA,0,82.11,1,"0","1","0",1,1,1,1,1,1,NA,6,334,3,NA,14,1113,12,NA,3,270,3,NA,6,540,6,NA,2,117,1,NA,10,334,3,1
1627,"Defenseur",1,"France","CFM - CENTRE DE FORMATION ST. RENNAIS F.C.","aucun",0,1,NA,NA,NA,NA,NA,NA,NA,NA,NA,NA,0.00025,19,2,"1","1","0",0,0,0,0,1,1,NA,NA,NA,NA,NA,NA,NA,NA,NA,NA,NA,NA,NA,NA,NA,NA,NA,2,136,2,NA,3,202,2,0
1637,"Milieu",5,"France","CFM - CENTRE DE FORMATION TOULOUSE FOOTBALL CLUB","PEM - PEM CLAIREFONTAINE",0,1,NA,NA,NA,NA,NA,NA,NA,NA,NA,NA,0.00013,10.32,2,"0","1","0",0,0,1,1,0,1,NA,NA,NA,NA,NA,NA,NA,NA,1,5,290,3,NA,8,535,6,NA,NA,NA,NA,NA,11,535,7,0
1690,"Milieu",1,"France","CFM - LOSC LILLE ASSOCIATION","aucun",3,0,NA,NA,NA,NA,NA,NA,NA,NA,NA,NA,0,2.67,1,"1","0","0",0,0,0,0,0,1,NA,NA,NA,NA,NA,NA,NA,NA,NA,NA,NA,NA,NA,NA,NA,NA,NA,NA,NA,NA,3,16,944,12,1
1762,"Milieu",8,"France","CFM - CENTRE DE FORMATION ST. RENNAIS F.C.","aucun",0,1,NA,NA,NA,NA,NA,NA,NA,NA,NA,NA,0,23.67,1,"0","1","0",1,1,1,0,1,1,NA,2,180,2,NA,7,247,2,NA,2,136,2,NA,NA,NA,NA,NA,3,256,3,NA,13,1024,12,1
1781,"Attaquant",6,"France","CFM - CENTRE DE FORMATION F.C. LORIENT","PEM - PEM CLAIREFONTAINE",2,0,NA,NA,NA,NA,NA,NA,NA,NA,NA,NA,0.00068,13.35,2,"0","1","1",0,0,1,1,1,1,NA,NA,NA,NA,NA,NA,NA,NA,1,10,674,8,NA,9,528,6,NA,2,95,1,NA,2,94,1,0
1794,"Milieu",8,"France","CFM - CENTRE DE FORMATION O. DE LYON ET DU RHONE","aucun",0,0,NA,NA,NA,NA,NA,NA,NA,NA,NA,NA,0,24.4,1,"1","0","0",0,0,0,1,1,1,NA,NA,NA,NA,NA,NA,NA,NA,NA,NA,NA,NA,NA,1,20,NA,NA,3,205,2,6,19,1443,17,1
1805,"Gardien de But",7,"France","CFM - CENTRE DE FORMATION A.S. ST ETIENNE","aucun",0,0,17.64,17.64,17.64,17.64,17.64,17.64,NA,17.64,NA,NA,0,6.7,1,"0","0","1",0,0,0,0,0,1,NA,NA,NA,NA,NA,NA,NA,NA,NA,NA,NA,NA,NA,NA,NA,NA,NA,NA,NA,NA,NA,NA,0,NA,0
1816,"Defenseur",3,"France","CFM - LOSC LILLE ASSOCIATION","PEM - PEM LIEVIN",1,1,NA,NA,NA,NA,NA,NA,NA,NA,NA,NA,0.00019,45.45,1,"0","0","1",0,0,0,1,0,1,NA,NA,NA,NA,NA,NA,NA,NA,NA,NA,NA,NA,NA,4,197,2,NA,NA,NA,NA,NA,15,1320,15,1
1829,"Defenseur",11,"France","CFM - CENTRE DE FORMATION F.C. DES GIRONDINS DE BORDEAUX","aucun",0,1,NA,NA,NA,NA,NA,NA,NA,NA,NA,NA,0.00014,17.24,3,"0","1","1",0,0,0,0,1,1,NA,NA,NA,NA,NA,NA,NA,NA,NA,NA,NA,NA,NA,NA,NA,NA,NA,1,90,1,1,8,694,8,1
1830,"Milieu",9,"France","CFM - CENTRE DE FORMATION A.S. ST ETIENNE","aucun",0,0,NA,NA,NA,NA,NA,NA,NA,NA,NA,NA,NA,NA,NA,"inconnu","inconnu","inconnu",0,0,0,0,0,1,NA,NA,NA,NA,NA,NA,NA,NA,NA,NA,NA,NA,NA,NA,NA,NA,NA,NA,NA,NA,3,15,1119,13,1
1831,"Attaquant",4,"France","CFM - CENTRE DE FORMATION O. DE MARSEILLE - O.M.","aucun",2,1,15.53,14.32,14.83,14.32,14.42,14.42,13.82,13.51,13.51,13.79,0.00012,5.74,3,"1","0","1",1,1,1,1,1,1,NA,2,100,1,NA,12,548,7,4,10,621,7,NA,1,90,1,NA,2,136,2,1,2,42,NA,0
1898,"Milieu",9,"Congo","aucun","aucun",0,0,NA,NA,NA,NA,NA,NA,NA,NA,NA,NA,0,62.75,1,"1","0","0",0,0,0,0,1,1,NA,NA,NA,NA,NA,NA,NA,NA,NA,NA,NA,NA,NA,NA,NA,NA,1,4,225,3,NA,7,553,7,0
1901,"Defenseur",11,"France","CFM - CENTRE DE FORMATION ST. RENNAIS F.C.","aucun",1,0,NA,12.42,12.42,12.42,12.42,12.42,12.42,12.42,12.42,NA,0.00014,9.55,2,"1","0","0",0,0,1,1,0,1,NA,NA,NA,NA,NA,NA,NA,NA,1,6,323,4,1,8,552,6,NA,NA,NA,NA,NA,15,1125,13,1
1911,"Attaquant",7,"France","CFM - CENTRE DE FORMATION O. DE LYON ET DU RHONE","aucun",0,0,NA,NA,NA,NA,NA,NA,NA,NA,NA,NA,0,18.25,1,"1","0","0",0,0,0,0,0,1,NA,NA,NA,NA,NA,NA,NA,NA,NA,NA,NA,NA,NA,NA,NA,NA,NA,NA,NA,NA,NA,1,15,NA,1
1947,"Defenseur",5,"Sénégal","CFM - ACADEMY AS MONACO FC","aucun",4,1,NA,NA,NA,NA,NA,NA,NA,NA,NA,NA,0.00024,20.57,4,"0","1","1",1,1,1,1,1,1,NA,13,1074,12,NA,8,671,8,NA,4,355,4,1,16,1352,16,2,4,290,3,NA,16,1118,13,0
1964,"Defenseur",3,"France","CFM - ACADEMY AS MONACO FC","aucun",1,1,NA,18.34,18.34,18.34,18.67,18.67,18.34,18.34,18.34,NA,5e-05,9.23,4,"1","1","0",1,1,1,1,0,1,NA,5,275,3,NA,6,459,6,NA,2,145,2,NA,18,1600,17,NA,NA,NA,NA,NA,19,1593,18,1
1992,"Gardien de But",11,"France","CFM - CENTRE DE FORMATION F.C. METZ","aucun",3,1,NA,NA,NA,NA,NA,NA,NA,NA,NA,NA,0,1.59,2,"0","0","1",1,0,1,1,1,1,NA,4,360,4,NA,NA,NA,NA,NA,1,90,1,NA,4,316,4,NA,5,360,4,NA,6,540,6,0
2003,"Attaquant",1,"France","aucun","aucun",2,0,NA,NA,NA,NA,NA,NA,NA,NA,NA,NA,0.00391,42.67,1,"1","0","0",0,0,1,1,1,1,NA,NA,NA,NA,NA,NA,NA,NA,NA,2,77,1,NA,2,22,NA,5,16,1219,15,7,10,794,10,1
2026,"Milieu",3,"France","CFM - ACADEMY AS MONACO FC","PEM - PEM CLAIREFONTAINE",1,1,NA,17.17,17.17,17.17,15.74,15.74,17.17,17.17,17.17,NA,0.00016,8.02,3,"0","1","0",1,1,1,1,0,1,1,12,702,10,NA,6,294,4,NA,8,515,6,1,7,316,3,NA,NA,NA,NA,2,18,833,10,1
2065,"Milieu",6,"Algérie","CFM - CENTRE DE FORMATION O. DE LYON ET DU RHONE","aucun",1,0,NA,NA,NA,NA,NA,NA,NA,NA,NA,NA,5e-04,13.46,2,"1","0","0",0,1,0,0,0,1,NA,NA,NA,NA,NA,1,19,NA,NA,NA,NA,NA,NA,NA,NA,NA,NA,NA,NA,NA,4,17,954,11,1
2071,"Defenseur",12,"France","CFM - CENTRE DE FORMATION A.S. ST ETIENNE","aucun",1,1,20,20,20,20,20,20,NA,NA,NA,NA,4e-05,13.81,2,"0","1","1",0,0,0,0,0,1,NA,NA,NA,NA,NA,NA,NA,NA,NA,NA,NA,NA,NA,NA,NA,NA,NA,NA,NA,NA,NA,7,599,7,1
2090,"Defenseur",9,"France","CFM - ACADEMY AS MONACO FC","PEM - PEM AIX EN PROVENCE",2,0,NA,NA,NA,NA,NA,NA,NA,NA,NA,NA,NA,NA,NA,"inconnu","inconnu","inconnu",0,0,0,1,1,1,NA,NA,NA,NA,NA,NA,NA,NA,NA,NA,NA,NA,NA,8,566,6,NA,2,180,2,3,5,373,4,1
2098,"Gardien de But",2,"France","aucun","aucun",0,1,NA,NA,NA,NA,NA,NA,NA,NA,NA,NA,0,2.96,3,"1","0","1",0,0,0,1,1,1,NA,NA,NA,NA,NA,NA,NA,NA,NA,NA,NA,NA,NA,14,1216,14,NA,5,404,4,NA,NA,0,NA,0
2099,"Defenseur",8,"Sénégal","CFM - CENTRE DE FORMATION O. DE LYON ET DU RHONE","aucun",1,1,NA,NA,NA,NA,NA,NA,NA,NA,NA,NA,0.00051,19.79,3,"1","0","0",0,0,0,0,1,1,NA,NA,NA,NA,NA,NA,NA,NA,NA,NA,NA,NA,NA,NA,NA,NA,1,11,854,8,NA,2,125,1,0
2115,"Attaquant",3,"Cote d'ivoire","CFM - CENTRE DE FORMATION A.S. ST ETIENNE","PEM - PEM REIMS",1,1,NA,NA,NA,NA,NA,NA,NA,NA,NA,NA,0.00084,16.4,3,"0","0","1",1,0,1,0,1,1,NA,2,180,2,NA,NA,NA,NA,2,3,190,3,NA,NA,NA,NA,2,7,366,3,6,21,1363,16,0
2194,"Gardien de But",6,"Congo","CFM - CENTRE DE FORMATION MONTPELLIER HERAULT SP.C.","aucun",2,0,NA,NA,NA,NA,NA,NA,NA,NA,NA,NA,0,10.01,1,"0","0","0",1,0,0,1,1,1,NA,1,90,1,NA,NA,NA,NA,NA,NA,NA,NA,NA,5,357,5,NA,5,450,5,NA,1,90,1,0
2231,"Defenseur",10,"France","CFM - CENTRE DE FORMATION VALENCIENNES F.C.","aucun",5,1,NA,NA,NA,NA,NA,NA,NA,NA,NA,NA,7e-05,19.4,3,"1","0","1",1,1,1,1,0,1,NA,3,270,3,NA,12,1002,11,1,10,601,7,NA,6,436,5,NA,NA,NA,NA,1,16,1235,13,1
2296,"Milieu",2,"France","CFM - CENTRE DE FORMATION F.C. LORIENT","aucun",0,0,NA,NA,NA,NA,NA,NA,NA,NA,NA,NA,3e-05,10.48,1,"0","0","1",0,0,0,0,1,1,NA,NA,NA,NA,NA,NA,NA,NA,NA,NA,NA,NA,NA,NA,NA,NA,NA,5,283,4,3,15,830,7,0
2309,"Defenseur",7,"France","CFM - CENTRE DE FORMATION LE HAVRE A.C.","aucun",1,0,NA,NA,NA,NA,NA,NA,NA,NA,NA,NA,0,46.39,1,"1","0","0",1,1,1,1,0,1,1,15,1194,14,1,17,1453,16,1,5,362,5,NA,12,1023,12,NA,NA,NA,NA,NA,9,763,9,1
2350,"Defenseur",1,"France","CFM - CENTRE DE FORMATION TOULOUSE FOOTBALL CLUB","aucun",1,1,NA,NA,NA,NA,NA,NA,NA,NA,NA,NA,0.00024,29.8,2,"1","1","0",1,1,1,1,1,1,NA,4,300,3,NA,5,377,4,NA,2,171,2,NA,20,1552,18,NA,3,246,3,NA,6,540,6,0
2353,"Gardien de But",3,"France","CFM - CENTRE DE FORMATION F.C. LORIENT","aucun",0,1,NA,NA,NA,NA,NA,NA,NA,NA,NA,NA,0,13.82,2,"0","0","1",0,0,1,1,1,1,NA,NA,NA,NA,NA,NA,NA,NA,NA,3,270,3,NA,5,450,5,NA,4,360,4,NA,13,1170,13,0
2368,"Milieu",2,"France","CFM - CENTRE DE FORMATION O. DE LYON ET DU RHONE","aucun",1,0,NA,15.64,15.64,15.64,14.82,14.82,15.64,15.64,15.64,NA,0.00015,10.66,2,"1","0","0",1,1,1,1,1,1,3,12,903,9,2,15,1214,15,1,12,859,10,1,16,1122,13,NA,3,170,2,4,24,1599,18,0
2369,"Attaquant",2,"Cameroun","CFM - CENTRE DE FORMATION F.C. NANTES","aucun",0,1,NA,NA,NA,NA,NA,NA,NA,NA,NA,NA,0.00214,19.46,2,"1","0","0",0,1,0,1,1,1,NA,NA,NA,NA,NA,3,182,2,NA,NA,NA,NA,NA,2,104,2,1,1,69,1,1,6,337,3,0
2372,"Attaquant",12,"France","CFM - CENTRE DE FORMATION ST. RENNAIS F.C.","PEM - PEM CLAIREFONTAINE",0,0,NA,NA,NA,NA,NA,NA,NA,NA,NA,NA,0.00069,8.06,3,"1","0","1",0,0,0,0,0,1,NA,NA,NA,NA,NA,NA,NA,NA,NA,NA,NA,NA,NA,NA,NA,NA,NA,NA,NA,NA,NA,2,42,NA,0
2386,"Milieu",2,"France","aucun","aucun",2,0,NA,NA,NA,NA,NA,NA,NA,NA,NA,NA,4e-05,7.31,2,"1","0","0",1,1,1,1,1,1,NA,6,368,5,NA,2,115,1,NA,8,564,7,NA,11,634,7,NA,7,388,6,NA,14,822,9,0
2416,"Milieu",3,"France","CFM - CENTRE DE FORMATION O. DE LYON ET DU RHONE","aucun",0,0,NA,NA,NA,NA,NA,NA,NA,NA,NA,NA,0.00114,16.81,1,"1","0","0",0,0,0,0,0,1,NA,NA,NA,NA,NA,NA,NA,NA,NA,NA,NA,NA,NA,NA,NA,NA,NA,NA,NA,NA,NA,6,380,6,1
2438,"Defenseur",2,"France","aucun","aucun",0,1,NA,NA,NA,NA,NA,NA,NA,NA,NA,NA,8e-05,12.49,3,"1","0","0",1,0,1,1,1,1,NA,1,90,1,NA,NA,NA,NA,NA,2,180,2,NA,13,979,12,NA,3,260,3,NA,9,716,7,1
2444,"Defenseur",1,"France","CFM - CENTRE DE FORMATION TOULOUSE FOOTBALL CLUB","aucun",1,0,18.68,16.92,15.17,16.92,16.51,16.51,15.17,16.92,16.92,18.68,0.00017,9.78,2,"1","1","0",1,0,1,1,0,1,NA,8,322,3,NA,NA,NA,NA,NA,6,478,5,1,3,270,3,NA,NA,NA,NA,NA,4,151,1,0
2450,"Defenseur",1,"France","CFM - CENTRE DE FORMATION MONTPELLIER HERAULT SP.C.","aucun",1,0,NA,NA,NA,NA,NA,NA,NA,NA,NA,NA,5e-05,9.92,1,"0","0","0",0,0,1,1,1,1,NA,NA,NA,NA,NA,NA,NA,NA,NA,2,136,2,1,12,788,9,NA,5,450,5,NA,6,291,3,0
2465,"Gardien de But",3,"Tunisie","CFM - CENTRE DE FORMATION O.G.C. NICE COTE D'AZUR","aucun",1,1,NA,NA,NA,NA,NA,NA,NA,NA,NA,NA,0,15.19,2,"0","1","1",1,1,1,1,1,1,NA,2,180,2,NA,2,180,2,NA,1,90,1,NA,2,180,2,NA,2,180,2,NA,5,441,4,0
2481,"Attaquant",3,"France","aucun","aucun",2,1,NA,NA,NA,NA,NA,NA,NA,NA,NA,NA,0.00089,15.8,1,"1","0","0",0,0,0,1,1,1,NA,NA,NA,NA,NA,NA,NA,NA,NA,NA,NA,NA,1,7,427,5,1,8,634,8,3,10,596,6,1
2502,"Defenseur",3,"Guadeloupe","CFM - CENTRE DE FORMATION ST. RENNAIS F.C.","aucun",1,1,NA,NA,NA,NA,NA,NA,NA,NA,NA,NA,0,18.99,2,"1","0","1",0,0,1,1,1,1,NA,NA,NA,NA,NA,NA,NA,NA,NA,7,608,7,NA,10,841,10,NA,13,1170,13,NA,13,1056,12,0
2518,"Defenseur",10,"France","CFM - CENTRE DE FORMATION F.C. SOCHAUX MONTBELIARD","aucun",1,0,NA,NA,NA,NA,NA,NA,NA,NA,NA,NA,NA,NA,NA,"inconnu","inconnu","inconnu",0,0,0,0,0,1,NA,NA,NA,NA,NA,NA,NA,NA,NA,NA,NA,NA,NA,NA,NA,NA,NA,NA,NA,NA,2,13,602,5,1
2522,"Gardien de But",3,"France","CFM - CENTRE DE FORMATION LE HAVRE A.C.","aucun",1,0,NA,NA,NA,NA,NA,NA,NA,NA,NA,NA,NA,NA,NA,"inconnu","inconnu","inconnu",0,0,0,0,0,1,NA,NA,NA,NA,NA,NA,NA,NA,NA,NA,NA,NA,NA,NA,NA,NA,NA,NA,NA,NA,NA,17,1461,17,1
2586,"Milieu",3,"France","CFM - CENTRE DE FORMATION F.C. NANTES","aucun",1,0,NA,NA,NA,NA,NA,NA,NA,NA,NA,NA,0.00932,40.25,1,"0","0","1",0,0,0,0,0,1,NA,NA,NA,NA,NA,NA,NA,NA,NA,NA,NA,NA,NA,NA,NA,NA,NA,NA,NA,NA,4,12,654,7,1
2595,"Defenseur",8,"Cap-Vert","CFM - CENTRE DE FORMATION ST. RENNAIS F.C.","aucun",0,0,NA,NA,NA,NA,NA,NA,NA,NA,NA,NA,NA,NA,NA,"inconnu","inconnu","inconnu",1,0,0,1,1,1,NA,1,90,1,NA,NA,NA,NA,NA,NA,NA,NA,NA,7,450,4,NA,2,172,2,NA,4,360,4,0
2609,"Defenseur",7,"France","CFM - LOSC LILLE ASSOCIATION","aucun",4,0,NA,NA,NA,NA,NA,NA,NA,NA,NA,NA,0,9.11,1,"1","0","0",0,0,0,0,0,1,NA,NA,NA,NA,NA,NA,NA,NA,NA,NA,NA,NA,NA,NA,NA,NA,NA,NA,NA,NA,NA,5,227,2,1
2612,"Milieu",8,"France","CFM - CENTRE DE FORMATION TOULOUSE FOOTBALL CLUB","aucun",0,0,NA,NA,NA,NA,NA,NA,NA,NA,NA,NA,0.00196,21.25,1,"0","1","0",0,0,0,0,0,1,NA,NA,NA,NA,NA,NA,NA,NA,NA,NA,NA,NA,NA,NA,NA,NA,NA,NA,NA,NA,1,18,1461,16,1
2619,"Milieu",4,"France","CFM - CENTRE DE FORMATION F.C. LORIENT","aucun",0,1,NA,NA,NA,NA,NA,NA,NA,NA,NA,NA,5e-05,12.6,3,"0","0","1",0,0,1,1,1,1,NA,NA,NA,NA,NA,NA,NA,NA,NA,7,454,4,1,2,76,NA,1,3,201,2,1,20,1254,14,1
2632,"Attaquant",2,"France","CFM - CENTRE DE FORMATION F.C. DES GIRONDINS DE BORDEAUX","aucun",1,0,NA,NA,NA,NA,NA,NA,NA,NA,NA,NA,0.00279,44.88,1,"0","0","1",0,0,0,0,1,1,NA,NA,NA,NA,NA,NA,NA,NA,NA,NA,NA,NA,NA,NA,NA,NA,4,7,399,4,1,5,178,2,0
2641,"Attaquant",3,"France","CFM - LOSC LILLE ASSOCIATION","aucun",0,0,NA,NA,NA,NA,NA,NA,NA,NA,NA,NA,0.00132,17.65,3,"1","0","1",0,0,0,0,1,1,NA,NA,NA,NA,NA,NA,NA,NA,NA,NA,NA,NA,NA,NA,NA,NA,NA,4,151,1,7,13,706,7,0
2663,"Milieu",8,"France","aucun","aucun",0,0,NA,NA,NA,NA,NA,NA,NA,NA,NA,NA,NA,NA,NA,"inconnu","inconnu","inconnu",0,0,0,1,0,1,NA,NA,NA,NA,NA,NA,NA,NA,NA,NA,NA,NA,NA,7,411,4,NA,NA,NA,NA,2,11,762,9,0
2670,"Attaquant",6,"Guadeloupe","CFM - CENTRE DE FORMATION EN AVANT GUINGAMP","aucun",0,0,NA,NA,NA,NA,NA,NA,NA,NA,NA,NA,0.00051,16.88,1,"0","0","0",0,0,0,0,0,1,NA,NA,NA,NA,NA,NA,NA,NA,NA,NA,NA,NA,NA,NA,NA,NA,NA,NA,NA,NA,1,17,899,9,0
2687,"Attaquant",1,"France","CFM - CENTRE DE FORMATION O. DE LYON ET DU RHONE","aucun",2,0,NA,NA,NA,NA,NA,NA,NA,NA,NA,NA,NA,0,1,"1","0","0",0,0,0,0,0,1,NA,NA,NA,NA,NA,NA,NA,NA,NA,NA,NA,NA,NA,NA,NA,NA,NA,NA,NA,NA,4,11,831,10,1
2690,"Milieu",11,"France","CFM - CENTRE DE FORMATION ST. MALHERBE CAEN-CALV.B.NORM.","aucun",2,1,NA,NA,NA,NA,NA,NA,NA,NA,NA,NA,0.00062,35.11,1,"0","1","0",0,1,1,1,1,1,NA,NA,NA,NA,1,13,774,8,1,6,379,4,1,8,488,5,1,9,573,5,1,9,627,7,1
2694,"Defenseur",8,"France","aucun","aucun",5,0,NA,NA,NA,NA,NA,NA,NA,NA,NA,NA,0.00028,15.37,1,"1","0","0",0,0,0,0,1,1,NA,NA,NA,NA,NA,NA,NA,NA,NA,NA,NA,NA,NA,NA,NA,NA,NA,7,630,7,NA,11,990,11,1
2711,"Gardien de But",7,"France","aucun","aucun",4,0,NA,NA,NA,NA,NA,NA,NA,NA,NA,NA,0,18.17,2,"1","0","0",1,1,1,1,1,1,NA,10,900,10,NA,12,1080,12,NA,5,450,5,NA,3,224,2,NA,1,44,NA,NA,6,540,6,1
2738,"Milieu",3,"France","CFM - CENTRE DE FORMATION F.C. NANTES","aucun",2,0,NA,NA,NA,NA,NA,NA,NA,NA,NA,NA,NA,NA,NA,"inconnu","inconnu","inconnu",0,0,1,1,1,1,NA,NA,NA,NA,NA,NA,NA,NA,2,8,596,6,NA,12,959,11,1,15,1153,13,NA,9,611,6,1
2773,"Milieu",9,"France","CFM - CENTRE DE FORMATION MONTPELLIER HERAULT SP.C.","aucun",0,0,14.35,15.25,13.58,15.25,16.11,16.11,13.19,15.5,15.5,18.59,4e-05,9.52,2,"0","0","0",0,0,1,1,0,1,NA,NA,NA,NA,NA,NA,NA,NA,NA,7,346,4,NA,6,342,4,NA,NA,NA,NA,NA,9,329,3,0
2784,"Defenseur",11,"France","CFM - CENTRE DE FORMATION ST. LAVALLOIS F.C.","aucun",0,1,NA,NA,NA,NA,NA,NA,NA,NA,NA,NA,6e-05,23.26,3,"1","0","0",0,0,1,1,1,1,NA,NA,NA,NA,NA,NA,NA,NA,NA,2,180,2,NA,1,44,NA,NA,6,197,2,NA,6,283,3,1
2804,"Gardien de But",4,"France","CFM - CENTRE DE FORMATION F.C. LORIENT","aucun",0,0,NA,NA,NA,NA,NA,NA,NA,NA,NA,NA,NA,NA,NA,"inconnu","inconnu","inconnu",0,0,0,1,1,1,NA,NA,NA,NA,NA,NA,NA,NA,NA,NA,NA,NA,NA,4,360,4,NA,2,134,1,NA,NA,0,NA,1
2809,"Defenseur",5,"France","CFM - CENTRE DE FORMATION F.C. SOCHAUX MONTBELIARD","aucun",0,1,NA,NA,NA,NA,NA,NA,NA,NA,NA,NA,0.00011,15.73,3,"1","0","1",1,1,0,1,1,1,2,12,815,8,NA,7,449,4,NA,NA,NA,NA,NA,1,35,NA,NA,1,90,1,NA,13,971,11,1
2819,"Attaquant",5,"Congo","aucun","aucun",0,1,NA,NA,NA,NA,NA,NA,NA,NA,NA,NA,0.00154,8.68,3,"1","1","1",0,0,0,0,1,1,NA,NA,NA,NA,NA,NA,NA,NA,NA,NA,NA,NA,NA,NA,NA,NA,NA,1,57,1,NA,3,82,1,0
2824,"Attaquant",11,"France","aucun","PEM - PEM CLAIREFONTAINE",6,0,NA,NA,NA,NA,NA,NA,NA,NA,NA,NA,0.00079,6.98,1,"1","0","0",1,0,0,1,1,1,NA,3,118,1,NA,NA,NA,NA,NA,NA,NA,NA,NA,3,178,2,NA,12,575,5,NA,6,305,4,1
2837,"Milieu",3,"France","aucun","aucun",0,0,NA,NA,NA,NA,NA,NA,NA,NA,NA,NA,3e-04,12.71,1,"1","0","0",1,1,1,1,0,1,NA,2,154,2,2,9,678,7,NA,6,428,5,NA,6,350,4,NA,NA,NA,NA,NA,4,288,4,1
2842,"Milieu",6,"France","CFM - CENTRE DE FORMATION R.C. LENSOIS","aucun",0,0,NA,NA,NA,NA,NA,NA,NA,NA,NA,NA,0.00019,11.43,2,"0","1","1",0,0,0,1,1,1,NA,NA,NA,NA,NA,NA,NA,NA,NA,NA,NA,NA,NA,1,31,NA,NA,4,280,3,NA,3,126,1,0
2851,"Gardien de But",4,"France","CFM - CENTRE DE FORMATION F.C. METZ","aucun",1,1,NA,16.48,15.35,16.48,16.48,16.48,15.35,16.48,16.48,19.12,0,10.32,2,"0","0","1",1,0,1,1,0,1,NA,7,600,7,NA,NA,NA,NA,NA,5,406,5,NA,4,360,4,NA,NA,NA,NA,NA,1,90,1,0
2876,"Attaquant",5,"France","CFM - CENTRE DE FORMATION ST. RENNAIS F.C.","aucun",5,1,NA,NA,NA,NA,NA,NA,NA,NA,NA,NA,0.00125,20.9,2,"1","0","0",0,1,1,1,0,1,NA,NA,NA,NA,NA,8,523,7,NA,5,372,4,1,3,172,2,NA,NA,NA,NA,NA,4,294,4,1
2907,"Milieu",11,"France","CFM - CENTRE DE FORMATION ST. RENNAIS F.C.","aucun",0,1,15.43,15.43,NA,15.43,15.43,15.43,NA,15.43,15.43,15.43,8e-05,8.02,2,"1","0","0",0,0,0,0,0,1,NA,NA,NA,NA,NA,NA,NA,NA,NA,NA,NA,NA,NA,NA,NA,NA,NA,NA,NA,NA,2,13,888,10,1
2923,"Attaquant",3,"Guadeloupe","CFM - CENTRE DE FORMATION ST. MALHERBE CAEN-CALV.B.NORM.","aucun",1,0,NA,NA,NA,NA,NA,NA,NA,NA,NA,NA,NA,NA,NA,"inconnu","inconnu","inconnu",1,1,1,1,1,1,6,11,630,7,6,20,1227,14,1,5,251,3,1,14,1018,12,2,10,598,6,NA,4,155,2,0
2939,"Milieu",3,"France","CFM - CENTRE DE FORMATION MONTPELLIER HERAULT SP.C.","aucun",1,0,NA,NA,NA,NA,NA,NA,NA,NA,NA,NA,NA,NA,NA,"inconnu","inconnu","inconnu",0,0,0,0,0,1,NA,NA,NA,NA,NA,NA,NA,NA,NA,NA,NA,NA,NA,NA,NA,NA,NA,NA,NA,NA,4,17,1146,12,1
2943,"Milieu",9,"Algérie","CFM - CENTRE DE FORMATION O. DE LYON ET DU RHONE","aucun",1,0,NA,NA,NA,NA,NA,NA,NA,NA,NA,NA,0.00105,10.82,1,"1","0","0",1,1,1,1,0,1,NA,3,189,1,2,6,424,4,10,9,574,7,1,16,1202,14,NA,NA,NA,NA,7,9,561,6,0
2962,"Milieu",1,"France","aucun","aucun",4,0,NA,NA,NA,NA,NA,NA,NA,NA,NA,NA,0,24.9,1,"1","0","0",0,0,0,1,1,1,NA,NA,NA,NA,NA,NA,NA,NA,NA,NA,NA,NA,1,13,875,11,2,11,731,8,NA,5,274,3,1
2971,"Milieu",4,"France","CFM - CENTRE DE FORMATION AS NANCY LORRAINE","aucun",0,0,NA,NA,NA,NA,NA,NA,NA,NA,NA,NA,0,24.08,1,"0","1","0",0,1,0,1,1,1,NA,NA,NA,NA,NA,8,620,7,NA,NA,NA,NA,NA,5,349,4,NA,2,86,1,NA,11,733,8,0
3008,"Milieu",7,"France","CFM - CENTRE DE FORMATION F.C. DES GIRONDINS DE BORDEAUX","aucun",0,0,NA,NA,NA,NA,NA,NA,NA,NA,NA,NA,0.00029,9.96,3,"0","0","1",0,0,1,1,1,1,NA,NA,NA,NA,NA,NA,NA,NA,NA,1,44,NA,NA,4,263,4,NA,4,248,3,NA,2,94,1,0
3025,"Attaquant",8,"France","CFM - CENTRE DE FORMATION F.C. SOCHAUX MONTBELIARD","aucun",2,0,NA,NA,NA,NA,NA,NA,NA,NA,NA,NA,0.00083,16.46,2,"0","0","1",0,1,1,1,1,1,NA,NA,NA,NA,NA,4,178,1,3,5,313,4,NA,15,549,4,2,11,610,6,NA,5,192,2,1
3035,"Defenseur",1,"Bénin","CFM - CENTRE DE FORMATION ST. RENNAIS F.C.","aucun",0,0,NA,NA,NA,NA,NA,NA,NA,NA,NA,NA,0,0,1,"0","0","0",1,1,1,0,0,1,NA,2,112,1,NA,1,90,1,NA,1,90,1,NA,NA,NA,NA,NA,NA,NA,NA,NA,1,20,NA,0
3050,"Milieu",6,"France","CFM - CENTRE DE FORMATION ST. MALHERBE CAEN-CALV.B.NORM.","aucun",1,0,NA,NA,NA,NA,NA,NA,NA,NA,NA,NA,0.00021,9.34,3,"0","1","0",1,1,1,1,1,1,1,7,479,5,NA,15,996,11,NA,1,65,1,NA,2,87,1,NA,3,183,2,NA,3,97,1,0
3094,"Milieu",9,"France","CFM - CENTRE DE FORMATION TOULOUSE FOOTBALL CLUB","aucun",0,0,NA,NA,NA,NA,NA,NA,NA,NA,NA,NA,0.00047,54.36,1,"0","1","0",0,1,0,1,1,1,NA,NA,NA,NA,NA,4,223,2,NA,NA,NA,NA,1,15,900,10,2,3,190,2,NA,2,18,NA,0
3104,"Milieu",2,"Burkina Faso","CFM - CENTRE DE FORMATION MONTPELLIER HERAULT SP.C.","PEM - PEM AIX EN PROVENCE",0,1,NA,NA,NA,NA,NA,NA,NA,NA,NA,NA,NA,NA,1,"0","0","0",0,0,0,0,0,1,NA,NA,NA,NA,NA,NA,NA,NA,NA,NA,NA,NA,NA,NA,NA,NA,NA,NA,NA,NA,NA,1,19,NA,0
3114,"Milieu",7,"Cameroun","CFM - CENTRE DE FORMATION A.J. AUXERROISE","aucun",0,0,NA,NA,NA,NA,NA,NA,NA,NA,NA,NA,NA,NA,1,"0","0","0",0,0,1,1,1,1,NA,NA,NA,NA,NA,NA,NA,NA,NA,1,29,NA,NA,2,56,NA,2,5,326,3,9,15,1103,13,1
3118,"Attaquant",7,"France","aucun","aucun",4,1,14.56,14.56,14.56,14.56,14.56,14.56,NA,NA,NA,NA,0.00055,12.18,3,"1","0","1",0,0,1,1,1,1,NA,NA,NA,NA,NA,NA,NA,NA,2,11,583,6,2,16,1147,15,6,10,805,9,NA,12,856,11,1
3136,"Milieu",5,"Maroc","CFM - CENTRE DE FORMATION F.C. NANTES","aucun",0,0,NA,NA,NA,NA,NA,NA,NA,NA,NA,NA,0.00039,15.11,1,"0","1","0",0,0,0,0,1,1,NA,NA,NA,NA,NA,NA,NA,NA,NA,NA,NA,NA,NA,NA,NA,NA,NA,2,56,NA,NA,6,127,1,0
3160,"Defenseur",2,"France","CFM - CENTRE DE FORMATION O. DE MARSEILLE - O.M.","aucun",1,0,NA,NA,NA,NA,NA,NA,NA,NA,NA,NA,0.00031,25.9,3,"1","0","0",0,0,0,0,1,1,NA,NA,NA,NA,NA,NA,NA,NA,NA,NA,NA,NA,NA,NA,NA,NA,2,7,558,7,NA,1,59,1,0
3176,"Defenseur",3,"France","CFM - CENTRE DE FORMATION O.G.C. NICE COTE D'AZUR","aucun",0,1,NA,NA,NA,NA,NA,NA,NA,NA,NA,NA,2e-05,8.85,2,"0","1","0",0,1,1,0,1,1,NA,NA,NA,NA,NA,6,540,6,NA,8,449,4,NA,NA,NA,NA,NA,1,90,1,NA,2,97,1,0
3226,"Defenseur",6,"France","aucun","aucun",2,1,9.46,13.86,14.96,13.86,14.96,14.96,14.96,13.86,13.86,9.46,0.00012,8.06,3,"1","1","0",1,1,1,0,1,1,4,11,841,8,NA,18,1594,18,1,12,909,10,NA,NA,NA,NA,1,10,790,10,1,1,76,1,0
3264,"Gardien de But",2,"France","aucun","PEM - PEM CLAIREFONTAINE",3,0,NA,NA,NA,NA,NA,NA,NA,NA,NA,NA,NA,NA,1,"1","0","0",0,1,1,1,1,1,NA,NA,NA,NA,NA,10,900,10,NA,4,360,4,NA,8,750,8,NA,16,1470,16,NA,9,810,9,1
3378,"Defenseur",11,"France","CFM - CENTRE DE FORMATION O.G.C. NICE COTE D'AZUR","aucun",1,1,NA,NA,NA,NA,NA,NA,NA,NA,NA,NA,0,16.46,3,"1","1","0",0,1,1,1,1,1,NA,NA,NA,NA,NA,3,270,3,NA,5,369,4,NA,16,1129,14,NA,10,617,5,NA,5,428,5,0
3442,"Defenseur",9,"France","CFM - CENTRE DE FORMATION F.C. NANTES","aucun",0,0,NA,NA,NA,NA,NA,NA,NA,NA,NA,NA,0,90,1,"0","1","0",0,0,0,0,0,1,NA,NA,NA,NA,NA,NA,NA,NA,NA,NA,NA,NA,NA,NA,NA,NA,NA,NA,NA,NA,NA,2,25,NA,1
3466,"Defenseur",2,"France","aucun","aucun",4,0,NA,NA,NA,NA,NA,NA,NA,NA,NA,NA,0,11.71,1,"1","0","0",0,0,0,0,0,1,NA,NA,NA,NA,NA,NA,NA,NA,NA,NA,NA,NA,NA,NA,NA,NA,NA,NA,NA,NA,1,15,1254,14,1
3498,"Milieu",8,"Cameroun","CFM - CENTRE DE FORMATION ESPER. TROYES AUBE CHAMPAGNE","aucun",1,1,18.28,18.28,18.28,18.28,18.28,18.28,NA,NA,NA,NA,0.00078,13.76,2,"1","0","0",0,1,0,0,1,1,NA,NA,NA,NA,NA,1,33,NA,NA,NA,NA,NA,NA,NA,NA,NA,NA,3,213,3,1,6,187,1,0
3499,"Attaquant",7,"France","CFM - CENTRE DE FORMATION ST. MALHERBE CAEN-CALV.B.NORM.","aucun",0,1,NA,NA,NA,NA,NA,NA,NA,NA,NA,NA,0.00045,9.88,4,"1","1","1",1,1,1,1,1,1,3,8,469,5,NA,5,212,3,1,1,65,1,1,5,298,4,1,3,217,3,1,4,151,1,0
3506,"Gardien de But",10,"France","aucun","PEM - PEM CLAIREFONTAINE",1,0,NA,NA,NA,NA,NA,NA,NA,NA,NA,NA,0,27.46,2,"0","0","1",0,0,0,1,1,1,NA,NA,NA,NA,NA,NA,NA,NA,NA,NA,NA,NA,NA,3,224,2,NA,4,314,3,NA,4,360,4,0
3508,"Milieu",2,"France","CFM - CENTRE DE FORMATION TOULOUSE FOOTBALL CLUB","aucun",1,0,NA,NA,NA,NA,NA,NA,NA,NA,NA,NA,0,6,1,"0","1","0",0,0,0,0,1,1,NA,NA,NA,NA,NA,NA,NA,NA,NA,NA,NA,NA,NA,NA,NA,NA,NA,7,408,5,NA,1,88,1,0
3509,"Milieu",3,"France","CFM - CENTRE DE FORMATION F.C. DES GIRONDINS DE BORDEAUX","aucun",1,0,NA,NA,NA,NA,NA,NA,NA,NA,NA,NA,NA,NA,NA,"inconnu","inconnu","inconnu",0,0,0,0,0,1,NA,NA,NA,NA,NA,NA,NA,NA,NA,NA,NA,NA,NA,NA,NA,NA,NA,NA,NA,NA,1,21,1761,20,1
3517,"Milieu",4,"France","CFM - CENTRE DE FORMATION ST. RENNAIS F.C.","PEM - PEM PLOUFRAGAN",1,0,NA,NA,NA,NA,NA,NA,NA,NA,NA,NA,5e-05,20.25,1,"1","0","0",0,1,1,1,1,1,NA,NA,NA,NA,NA,7,513,5,NA,1,63,1,NA,11,618,6,NA,6,398,4,NA,3,270,3,0
3529,"Defenseur",2,"France","CFM - CENTRE DE FORMATION TOULOUSE FOOTBALL CLUB","aucun",1,0,NA,NA,NA,NA,NA,NA,NA,NA,NA,NA,3e-05,21.13,1,"0","1","0",0,1,1,1,0,1,NA,NA,NA,NA,NA,6,337,3,NA,1,59,1,NA,5,450,5,NA,NA,NA,NA,1,18,1204,13,0
3532,"Milieu",2,"République Centrafricaine","CFM - CENTRE DE FORMATION R.C. LENSOIS","aucun",3,1,NA,NA,NA,NA,NA,NA,NA,NA,NA,NA,0.00021,21.17,2,"0","1","0",0,1,1,1,1,1,NA,NA,NA,NA,NA,6,387,5,5,12,847,9,NA,12,814,9,NA,13,1072,13,1,9,709,8,1
3563,"Milieu",5,"France","aucun","aucun",5,0,NA,NA,NA,NA,NA,NA,NA,NA,NA,NA,0.00038,9.9,3,"1","0","0",1,1,1,1,1,1,7,9,591,6,NA,14,895,10,2,6,376,5,2,10,363,4,1,1,85,1,4,18,1220,14,1
3680,"Attaquant",3,"France","CFM - CENTRE DE FORMATION A.S. ST ETIENNE","PEM - PEM CLAIREFONTAINE",1,1,NA,NA,NA,NA,NA,NA,NA,NA,NA,NA,0.00028,11.19,5,"0","1","1",1,1,0,0,1,1,3,11,677,8,1,7,501,6,NA,NA,NA,NA,NA,NA,NA,NA,NA,7,401,4,NA,7,330,4,0
3709,"Gardien de But",9,"France","CFM - ACADEMY AS MONACO FC","aucun",0,0,NA,NA,NA,NA,NA,NA,NA,NA,NA,NA,NA,NA,NA,"inconnu","inconnu","inconnu",0,0,0,0,0,1,NA,NA,NA,NA,NA,NA,NA,NA,NA,NA,NA,NA,NA,NA,NA,NA,NA,NA,NA,NA,NA,4,316,4,1
3737,"Defenseur",4,"Mali","CFM - ACADEMY AS MONACO FC","aucun",1,1,NA,NA,NA,NA,NA,NA,NA,NA,NA,NA,0.00019,12.05,2,"0","1","0",0,0,0,0,0,1,NA,NA,NA,NA,NA,NA,NA,NA,NA,NA,NA,NA,NA,NA,NA,NA,NA,NA,NA,NA,NA,2,96,1,0
3752,"Attaquant",6,"France","aucun","aucun",5,1,NA,NA,NA,NA,NA,NA,NA,NA,NA,NA,0.00141,11.74,2,"1","0","0",1,1,1,1,0,1,5,11,715,9,NA,8,571,8,1,4,252,3,1,3,188,2,NA,NA,NA,NA,NA,1,25,NA,0
3763,"Attaquant",5,"France","aucun","aucun",4,0,NA,NA,NA,NA,NA,NA,NA,NA,NA,NA,0.00226,9.23,1,"1","0","0",0,0,1,1,1,1,NA,NA,NA,NA,NA,NA,NA,NA,3,6,495,5,2,12,848,10,6,16,1218,15,NA,7,242,3,0
3791,"Attaquant",7,"France","CFM - CENTRE DE FORMATION ST. RENNAIS F.C.","aucun",0,1,NA,NA,NA,NA,NA,NA,NA,NA,NA,NA,0.00043,14.3,2,"1","1","0",0,0,0,0,0,1,NA,NA,NA,NA,NA,NA,NA,NA,NA,NA,NA,NA,NA,NA,NA,NA,NA,NA,NA,NA,NA,4,231,3,0
3831,"Milieu",4,"France","aucun","aucun",5,0,NA,NA,NA,NA,NA,NA,NA,NA,NA,NA,0.00031,12.87,1,"1","0","0",1,1,1,1,1,1,NA,2,61,1,NA,5,197,2,1,1,90,1,NA,20,1644,20,NA,6,391,5,2,19,1547,17,1
3872,"Milieu",12,"France","aucun","aucun",0,0,NA,NA,NA,NA,NA,NA,NA,NA,NA,NA,0.00028,34.1,2,"1","0","1",0,0,0,0,0,1,NA,NA,NA,NA,NA,NA,NA,NA,NA,NA,NA,NA,NA,NA,NA,NA,NA,NA,NA,NA,NA,11,567,6,1
3923,"Gardien de But",2,"France","CFM - CENTRE DE FORMATION O. DE MARSEILLE - O.M.","aucun",3,0,NA,NA,NA,NA,NA,NA,NA,NA,NA,NA,0,18.12,2,"1","0","0",1,1,1,1,1,1,NA,13,1082,13,NA,7,630,7,NA,3,270,3,NA,11,946,11,NA,6,496,6,NA,1,90,1,0
3960,"Defenseur",9,"France","aucun","PEM - PEM LIEVIN",2,0,NA,NA,NA,NA,NA,NA,NA,NA,NA,NA,0,11.26,2,"1","1","0",0,0,0,0,0,1,NA,NA,NA,NA,NA,NA,NA,NA,NA,NA,NA,NA,NA,NA,NA,NA,NA,NA,NA,NA,1,16,1154,15,0
3967,"Defenseur",6,"France","CFM - CENTRE DE FORMATION O. DE LYON ET DU RHONE","aucun",0,1,NA,NA,NA,NA,NA,NA,NA,NA,NA,NA,4e-05,12.77,3,"1","0","0",0,0,1,1,1,1,NA,NA,NA,NA,NA,NA,NA,NA,NA,5,362,4,NA,12,960,10,NA,3,270,3,2,19,1493,16,0
3977,"Attaquant",3,"France","CFM - CENTRE DE FORMATION ST. RENNAIS F.C.","PEM - PEM SAINT-SEBASTIEN SUR LOIRE",0,0,16.75,15.57,15.68,15.57,14.32,14.32,15.68,15.57,15.57,15.46,0.00059,6.22,6,"1","1","0",1,1,0,1,1,1,4,7,377,4,NA,7,401,4,NA,NA,NA,NA,6,11,722,8,4,5,302,3,1,4,179,2,0
3982,"Milieu",9,"France","CFM - CENTRE DE FORMATION R.C. LENSOIS","aucun",0,1,NA,NA,NA,NA,NA,NA,NA,NA,NA,NA,0,40.25,2,"0","1","0",0,0,1,1,1,1,NA,NA,NA,NA,NA,NA,NA,NA,1,3,224,2,1,9,428,3,NA,1,90,1,NA,11,939,10,0
4041,"Defenseur",7,"France","aucun","aucun",1,0,NA,NA,NA,NA,NA,NA,NA,NA,NA,NA,0.00027,22.22,2,"0","0","1",0,0,0,0,0,1,NA,NA,NA,NA,NA,NA,NA,NA,NA,NA,NA,NA,NA,NA,NA,NA,NA,NA,NA,NA,NA,2,54,NA,0
4050,"Attaquant",6,"Cote d'ivoire","CFM - CENTRE DE FORMATION A.J. AUXERROISE","aucun",0,1,NA,NA,NA,NA,NA,NA,NA,NA,NA,NA,0.00338,43.86,1,"0","0","1",1,1,1,1,1,1,NA,1,41,1,NA,12,809,11,3,4,176,2,2,7,319,3,2,7,345,5,13,20,1283,14,0
4062,"Milieu",12,"France","aucun","aucun",0,1,NA,NA,NA,NA,NA,NA,NA,NA,NA,NA,0.0021,25.08,1,"0","0","0",0,0,0,0,0,1,NA,NA,NA,NA,NA,NA,NA,NA,NA,NA,NA,NA,NA,NA,NA,NA,NA,NA,NA,NA,NA,6,343,4,1
4111,"Gardien de But",11,"France","CFM - LOSC LILLE ASSOCIATION","PEM - PEM LIEVIN",0,0,15.05,17.98,18.71,17.98,18.71,18.71,18.71,18.71,18.71,15.05,0,10.85,3,"1","0","1",1,0,1,0,1,1,NA,1,90,1,NA,NA,NA,NA,NA,4,360,4,NA,NA,NA,NA,NA,1,90,1,NA,6,540,6,0
4126,"Milieu",11,"France","CFM - CENTRE DE FORMATION O. DE MARSEILLE - O.M.","aucun",1,0,NA,NA,NA,NA,NA,NA,NA,NA,NA,NA,4e-05,12.47,1,"1","0","0",0,1,1,1,1,1,NA,NA,NA,NA,NA,9,701,9,NA,9,810,9,NA,14,1137,14,NA,7,630,7,NA,9,597,7,1
4134,"Gardien de But",3,"France","aucun","aucun",0,0,NA,NA,NA,NA,NA,NA,NA,NA,NA,NA,NA,NA,NA,"inconnu","inconnu","inconnu",0,0,1,1,1,1,NA,NA,NA,NA,NA,NA,NA,NA,NA,7,630,7,NA,9,810,9,NA,7,630,7,NA,6,540,6,0
4145,"Gardien de But",4,"France","CFM - CENTRE DE FORMATION F.C. SOCHAUX MONTBELIARD","aucun",0,0,NA,NA,NA,NA,NA,NA,NA,NA,NA,NA,0,17.16,1,"0","0","1",1,0,0,0,1,1,NA,1,90,1,NA,NA,NA,NA,NA,NA,NA,NA,NA,NA,NA,NA,NA,1,90,1,NA,1,90,1,0
4149,"Attaquant",2,"Algérie","CFM - CENTRE DE FORMATION O. DE LYON ET DU RHONE","aucun",0,0,NA,16.4,16.4,16.4,15.73,15.73,16.4,16.4,16.4,NA,0.00076,10.49,3,"1","1","0",1,1,1,1,1,1,4,11,561,6,5,13,955,11,5,5,316,4,3,8,315,2,2,6,351,4,12,31,1965,24,0
4153,"Defenseur",4,"France","CFM - CENTRE DE FORMATION R.C. LENSOIS","PEM - PEM LIEVIN",5,1,NA,NA,NA,NA,NA,NA,NA,NA,NA,NA,0.00017,19.15,1,"1","0","0",0,0,1,0,1,1,NA,NA,NA,NA,NA,NA,NA,NA,1,2,135,2,NA,NA,NA,NA,NA,1,90,1,3,13,1055,12,1
4154,"Milieu",3,"France","CFM - CENTRE DE FORMATION ST. MALHERBE CAEN-CALV.B.NORM.","aucun",0,1,15.6,15.03,14.6,15.03,15.03,15.03,14.6,15.03,15.03,15.6,4e-05,9,3,"0","1","0",0,1,1,1,0,1,NA,NA,NA,NA,NA,1,67,1,NA,6,367,4,NA,2,31,NA,NA,NA,NA,NA,NA,NA,0,NA,0
4164,"Defenseur",5,"Espagne","aucun","aucun",1,1,NA,NA,NA,NA,NA,NA,NA,NA,NA,NA,0.00014,21.62,1,"0","0","1",0,1,1,1,0,1,NA,NA,NA,NA,NA,11,615,5,NA,9,668,8,NA,12,1066,12,NA,NA,NA,NA,1,19,1574,18,0
4177,"Attaquant",1,"France","CFM - CENTRE DE FORMATION A.J. AUXERROISE","aucun",4,1,NA,NA,NA,NA,NA,NA,NA,NA,NA,NA,0.00223,21.05,2,"0","0","1",0,1,0,1,1,1,NA,NA,NA,NA,4,16,1228,14,NA,NA,NA,NA,2,9,430,3,1,10,825,10,5,8,479,6,0
4186,"Defenseur",5,"France","CFM - CENTRE DE FORMATION O. DE LYON ET DU RHONE","aucun",0,1,14.65,15.45,15.51,15.45,15.96,15.96,15.51,16.25,16.25,14.65,5e-05,7.81,4,"1","0","0",1,1,0,1,0,1,NA,2,72,1,NA,1,71,1,NA,NA,NA,NA,NA,3,247,3,NA,NA,NA,NA,1,9,463,5,1
4190,"Defenseur",8,"Cote d'ivoire","CFM - CENTRE DE FORMATION A.J. AUXERROISE","aucun",0,1,NA,NA,NA,NA,NA,NA,NA,NA,NA,NA,9e-05,13.54,2,"1","0","0",1,1,1,1,1,1,NA,5,326,4,NA,1,90,1,NA,2,180,2,NA,1,90,1,NA,10,900,10,NA,1,78,1,0
4191,"Defenseur",11,"France","CFM - CENTRE DE FORMATION O. DE MARSEILLE - O.M.","aucun",0,1,NA,NA,NA,NA,NA,NA,NA,NA,NA,NA,9e-05,13.39,5,"1","1","1",0,0,1,1,0,1,NA,NA,NA,NA,NA,NA,NA,NA,NA,1,90,1,NA,2,104,1,NA,NA,NA,NA,NA,6,394,4,0
4196,"Milieu",3,"France","CFM - CENTRE DE FORMATION TOULOUSE FOOTBALL CLUB","aucun",0,0,14.42,14.98,14.98,14.98,14.42,14.42,15.54,15.54,15.54,NA,0.00045,10.62,1,"0","1","0",0,1,0,1,0,1,NA,NA,NA,NA,3,NA,NA,NA,NA,NA,NA,NA,NA,5,202,2,NA,NA,NA,NA,NA,9,400,4,0
4212,"Milieu",8,"France","CFM - CENTRE DE FORMATION VALENCIENNES F.C.","aucun",1,0,NA,NA,NA,NA,NA,NA,NA,NA,NA,NA,0.00117,25.12,2,"0","0","1",0,1,1,1,1,1,NA,NA,NA,NA,NA,7,630,7,NA,4,299,4,NA,15,1262,14,NA,9,550,7,NA,3,110,1,0
4223,"Defenseur",6,"France","CFM - CENTRE DE FORMATION O. DE MARSEILLE - O.M.","aucun",0,0,NA,NA,NA,NA,NA,NA,NA,NA,NA,NA,0.00687,32.33,2,"1","0","0",0,0,1,0,0,1,NA,NA,NA,NA,NA,NA,NA,NA,NA,2,104,1,NA,NA,NA,NA,NA,NA,NA,NA,NA,1,90,1,0
4278,"Defenseur",1,"Algérie","aucun","aucun",0,1,NA,18.43,18.43,18.43,18.43,18.43,18.43,18.43,18.43,NA,0.00019,6.35,6,"1","1","0",0,0,0,0,0,1,NA,NA,NA,NA,NA,NA,NA,NA,NA,NA,NA,NA,NA,NA,NA,NA,NA,NA,NA,NA,1,6,381,5,0
4302,"Attaquant",6,"France","aucun","aucun",9,1,NA,NA,NA,NA,NA,NA,NA,NA,NA,NA,0.00053,8.42,3,"1","0","0",1,1,1,1,0,1,1,9,596,6,NA,8,707,8,1,6,441,5,NA,7,469,5,NA,NA,NA,NA,2,9,539,6,1
4310,"Defenseur",4,"France","aucun","aucun",2,0,NA,NA,NA,NA,NA,NA,NA,NA,NA,NA,0,7.85,2,"1","1","0",1,1,0,1,1,1,NA,5,324,4,NA,3,117,2,NA,NA,NA,NA,NA,3,231,3,NA,1,45,1,NA,1,10,NA,0
4332,"Attaquant",8,"France","aucun","aucun",0,1,17.68,17.68,NA,17.68,17.68,17.68,NA,17.68,17.68,17.68,0.00037,7.66,5,"0","1","1",1,1,0,0,1,1,1,7,353,4,NA,2,105,1,NA,NA,NA,NA,NA,NA,NA,NA,1,3,168,2,NA,1,20,NA,0
4333,"Attaquant",6,"France","aucun","aucun",5,1,NA,NA,NA,NA,NA,NA,NA,NA,NA,NA,0.0014,8.21,2,"1","0","0",1,1,1,1,1,1,2,7,377,4,NA,2,86,1,1,4,251,3,2,13,1061,13,1,6,392,5,6,9,627,8,0
4353,"Attaquant",8,"France","CFM - CENTRE DE FORMATION O.G.C. NICE COTE D'AZUR","aucun",2,1,NA,NA,NA,NA,NA,NA,NA,NA,NA,NA,0.00082,11.98,4,"1","1","1",1,1,0,1,0,1,6,13,909,9,2,8,694,8,NA,NA,NA,NA,3,12,995,12,NA,NA,NA,NA,1,2,93,NA,0
4357,"Attaquant",1,"France","CFM - CENTRE DE FORMATION R.C. LENSOIS","aucun",0,0,NA,NA,NA,NA,NA,NA,NA,NA,NA,NA,0.00045,9.5,2,"0","1","0",1,0,1,1,1,1,NA,3,150,2,NA,NA,NA,NA,1,4,224,2,NA,3,83,NA,1,4,288,4,NA,1,27,NA,0
4363,"Defenseur",10,"France","aucun","aucun",0,0,NA,NA,NA,NA,NA,NA,NA,NA,NA,NA,9e-05,13.55,4,"0","0","1",0,0,0,0,0,1,NA,NA,NA,NA,NA,NA,NA,NA,NA,NA,NA,NA,NA,NA,NA,NA,NA,NA,NA,NA,NA,2,58,1,0
4377,"Milieu",1,"France","CFM - ACADEMY AS MONACO FC","PEM - PEM AIX EN PROVENCE",1,1,NA,NA,NA,NA,NA,NA,NA,NA,NA,NA,0.00012,14.54,2,"0","1","0",0,0,0,0,0,1,NA,NA,NA,NA,NA,NA,NA,NA,NA,NA,NA,NA,NA,NA,NA,NA,NA,NA,NA,NA,NA,2,99,1,0
4392,"Defenseur",5,"France","CFM - CENTRE DE FORMATION MONTPELLIER HERAULT SP.C.","aucun",0,0,NA,NA,NA,NA,NA,NA,NA,NA,NA,NA,0,105,1,"0","0","0",0,0,0,0,0,1,NA,NA,NA,NA,NA,NA,NA,NA,NA,NA,NA,NA,NA,NA,NA,NA,NA,NA,NA,NA,1,5,406,5,1
4395,"Attaquant",5,"France","CFM - CENTRE DE FORMATION O. DE LYON ET DU RHONE","aucun",4,0,NA,NA,NA,NA,NA,NA,NA,NA,NA,NA,0.00159,16.13,1,"1","0","0",0,0,1,1,1,1,NA,NA,NA,NA,NA,NA,NA,NA,1,3,218,3,1,10,319,2,7,12,695,4,5,11,586,6,1
4397,"Gardien de But",12,"France","CFM - CENTRE DE FORMATION O.G.C. NICE COTE D'AZUR","aucun",2,0,NA,NA,NA,NA,NA,NA,NA,NA,NA,NA,NA,NA,NA,"inconnu","inconnu","inconnu",0,0,0,0,0,1,NA,NA,NA,NA,NA,NA,NA,NA,NA,NA,NA,NA,NA,NA,NA,NA,NA,NA,NA,NA,NA,8,588,8,1
4414,"Milieu",1,"France","CFM - CENTRE DE FORMATION R.C. LENSOIS","aucun",3,0,NA,NA,NA,NA,NA,NA,NA,NA,NA,NA,0.00321,62.4,1,"0","1","0",1,0,1,1,0,1,1,9,454,5,NA,NA,NA,NA,NA,5,216,2,NA,3,225,3,NA,NA,NA,NA,1,2,150,1,0
4432,"Milieu",3,"France","CFM - ACADEMY AS MONACO FC","aucun",2,1,NA,NA,NA,NA,NA,NA,NA,NA,NA,NA,4e-05,13.15,4,"1","1","1",0,0,1,1,1,1,NA,NA,NA,NA,NA,NA,NA,NA,NA,3,104,1,NA,5,174,1,NA,6,227,1,NA,4,149,1,0
4443,"Attaquant",1,"France","aucun","aucun",6,1,NA,NA,NA,NA,20,20,NA,NA,NA,NA,0.00037,28.73,4,"1","1","0",0,1,1,1,0,1,NA,NA,NA,NA,2,12,824,10,4,9,624,7,2,13,721,7,NA,NA,NA,NA,17,14,936,12,0
4444,"Attaquant",6,"France","CFM - CENTRE DE FORMATION ST DE REIMS","aucun",0,1,12.49,13.51,13.66,13.51,13.9,13.9,14.91,14.72,14.72,14.63,0.00034,6.8,4,"1","0","1",0,0,0,0,1,1,NA,NA,NA,NA,NA,NA,NA,NA,NA,NA,NA,NA,NA,NA,NA,NA,NA,6,321,5,NA,NA,0,NA,0
4476,"Milieu",3,"France","CFM - ACADEMY AS MONACO FC","aucun",1,0,NA,NA,NA,NA,NA,NA,NA,NA,NA,NA,0,59.67,1,"0","1","0",0,0,0,1,1,1,NA,NA,NA,NA,NA,NA,NA,NA,NA,NA,NA,NA,NA,2,56,1,NA,5,312,4,NA,4,186,2,0
4509,"Defenseur",8,"France","aucun","aucun",0,0,NA,NA,NA,NA,NA,NA,NA,NA,NA,NA,0,26.86,2,"0","0","0",0,0,0,0,0,1,NA,NA,NA,NA,NA,NA,NA,NA,NA,NA,NA,NA,NA,NA,NA,NA,NA,NA,NA,NA,NA,7,501,5,0
4526,"Milieu",11,"France","aucun","aucun",0,0,NA,NA,NA,NA,NA,NA,NA,NA,NA,NA,0.00015,9.01,4,"1","1","0",0,0,0,0,1,1,NA,NA,NA,NA,NA,NA,NA,NA,NA,NA,NA,NA,NA,NA,NA,NA,4,3,199,3,NA,1,63,NA,0
4556,"Defenseur",4,"France","CFM - CENTRE DE FORMATION LE HAVRE A.C.","aucun",0,0,NA,NA,NA,NA,NA,NA,NA,NA,NA,NA,8e-05,12.63,4,"1","1","0",0,0,0,0,0,1,NA,NA,NA,NA,NA,NA,NA,NA,NA,NA,NA,NA,NA,NA,NA,NA,NA,NA,NA,NA,NA,6,401,4,0
4571,"Gardien de But",2,"France","CFM - CENTRE DE FORMATION ST. BRESTOIS 29","aucun",0,0,NA,NA,NA,NA,NA,NA,NA,NA,NA,NA,0,27.6,1,"1","0","0",0,0,0,0,0,1,NA,NA,NA,NA,NA,NA,NA,NA,NA,NA,NA,NA,NA,NA,NA,NA,NA,NA,NA,NA,NA,2,180,2,0
4587,"Attaquant",5,"Maroc","CFM - CENTRE DE FORMATION TOULOUSE FOOTBALL CLUB","PEM - PEM CASTELMAUROU",0,1,NA,14.32,14.32,14.32,NA,NA,14.32,14.32,14.32,NA,0.00038,11.17,2,"1","1","0",0,0,1,0,0,1,NA,NA,NA,NA,NA,NA,NA,NA,NA,6,422,5,NA,NA,NA,NA,NA,NA,NA,NA,3,12,623,8,0
4589,"Defenseur",5,"France","aucun","aucun",0,0,NA,NA,NA,NA,NA,NA,NA,NA,NA,NA,NA,NA,NA,"inconnu","inconnu","inconnu",0,0,0,0,0,1,NA,NA,NA,NA,NA,NA,NA,NA,NA,NA,NA,NA,NA,NA,NA,NA,NA,NA,NA,NA,NA,11,854,11,1
4593,"Attaquant",4,"France","CFM - CENTRE DE FORMATION ST. RENNAIS F.C.","aucun",2,0,NA,NA,NA,NA,NA,NA,NA,NA,NA,NA,0,73.5,1,"1","0","0",1,1,1,1,1,1,10,11,688,7,1,8,346,2,2,4,257,3,NA,6,347,5,NA,8,328,3,NA,1,30,1,0
4615,"Gardien de But",1,"France","CFM - CENTRE DE FORMATION F.C. DES GIRONDINS DE BORDEAUX","aucun",3,0,NA,NA,NA,NA,NA,NA,NA,NA,NA,NA,0,3.74,2,"0","0","1",1,1,1,1,0,1,NA,10,851,10,NA,8,671,8,NA,5,450,5,NA,4,360,4,NA,NA,NA,NA,NA,NA,0,NA,0
4620,"Milieu",1,"France","CFM - CENTRE DE FORMATION R.C. STRASBOURG ALSACE","PEM - PEM CLAIREFONTAINE",1,0,NA,NA,NA,NA,NA,NA,NA,NA,NA,NA,0.00015,14.03,3,"0","1","1",0,0,0,1,1,1,NA,NA,NA,NA,NA,NA,NA,NA,NA,NA,NA,NA,NA,1,46,1,NA,9,594,5,NA,1,32,NA,1
4635,"Milieu",12,"France","aucun","aucun",0,1,NA,NA,NA,NA,NA,NA,NA,NA,NA,NA,0.00023,10.77,4,"0","0","1",0,0,1,0,0,1,NA,NA,NA,NA,NA,NA,NA,NA,NA,2,179,2,NA,NA,NA,NA,NA,NA,NA,NA,1,7,397,4,0
4643,"Milieu",9,"Gabon","CFM - CENTRE DE FORMATION F.C. LORIENT","aucun",1,0,NA,NA,NA,NA,NA,NA,NA,NA,NA,NA,0,53,1,"1","0","0",0,0,0,0,1,1,NA,NA,NA,NA,NA,NA,NA,NA,NA,NA,NA,NA,NA,NA,NA,NA,NA,6,269,3,NA,1,38,NA,0
4706,"Milieu",5,"France","CFM - CENTRE DE FORMATION ST. RENNAIS F.C.","PEM - PEM CLAIREFONTAINE",0,1,NA,15.63,15.6,15.63,14.93,14.93,15.6,15.6,15.6,15.79,8e-05,6.89,6,"1","1","1",0,1,0,1,1,1,NA,NA,NA,NA,NA,2,55,1,NA,NA,NA,NA,NA,18,1025,12,2,5,260,3,NA,1,17,NA,0
4711,"Defenseur",11,"France","aucun","PEM - PEM CLAIREFONTAINE",0,0,NA,NA,NA,NA,NA,NA,NA,NA,NA,NA,0,105,1,"0","0","1",0,0,0,0,0,1,NA,NA,NA,NA,NA,NA,NA,NA,NA,NA,NA,NA,NA,NA,NA,NA,NA,NA,NA,NA,3,26,2047,23,1
4716,"Gardien de But",12,"France","CFM - CENTRE DE FORMATION A.S. ST ETIENNE","aucun",2,1,17.48,15.41,13.82,15.41,15.41,15.41,13.82,13.82,13.82,18.2,0,8.2,4,"0","0","1",1,1,1,1,0,1,NA,7,581,7,NA,3,270,3,NA,1,90,1,NA,11,1020,11,NA,NA,NA,NA,NA,1,90,1,0
4721,"Defenseur",2,"Congo","aucun","aucun",1,0,NA,NA,NA,NA,NA,NA,NA,NA,NA,NA,NA,NA,NA,"inconnu","inconnu","inconnu",1,1,1,1,1,1,1,14,1106,12,1,18,1442,16,NA,5,231,3,NA,12,1110,12,1,8,587,7,NA,1,32,NA,0
4771,"Milieu",7,"France","CFM - CENTRE DE FORMATION TOULOUSE FOOTBALL CLUB","aucun",0,0,NA,NA,NA,NA,NA,NA,NA,NA,NA,NA,0,43.29,1,"0","1","0",0,0,0,0,0,1,NA,NA,NA,NA,NA,NA,NA,NA,NA,NA,NA,NA,NA,NA,NA,NA,NA,NA,NA,NA,NA,13,1062,12,1
