"ID_INDIVIDU","POSTE","MOIS_NAISSANCE","NATIONALITE","CF_AGREE","POLE_ESPOIR","NB_PALMARES_AVANT_16","exp_avant_16","Anthropometrie","Detente_horizontale","Vitesse_lineaire","Vivacite","Jeux_reduits","Match","Conduite_de_balle","Gardiens_de_but","Jonglerie_en_mouvement","Vitesse_max_aerobie","NB_BUT_PAR_MIN_JOUE_PAR_SAISON_AVANT_16","NB_MIN_JOUE_PAR_MATCH_PAR_SAISON_AVANT_16","NB_CLUB_AVANT_16","TOP_50_AVANT_16","TOP_50_150_AVANT_16","top_restant_AVANT_16","France U16","U16_NB_BUT","U16_NB_MATCH_JOUE","U16_NB_MIN_JOUE","U16_TITULARISATION","Y"
7,"Gardien de But",5,"France","aucun","aucun",0,0,NA,NA,NA,NA,NA,NA,NA,NA,NA,NA,NA,NA,NA,"inconnu","inconnu","inconnu",1,NA,3,220,3,0
27,"Defenseur",7,"France","aucun","PEM - PEM CASTELMAUROU",0,0,14.38,12.12,10.51,12.12,13.99,13.99,10.51,12.12,12.12,14.38,0,23.48,2,"0","0","1",1,NA,2,78,1,0
29,"Milieu",12,"Algérie","CFM - LOSC LILLE ASSOCIATION","aucun",0,0,13.27,13.34,13.36,13.34,14.27,14.27,13.36,13.34,13.34,13.27,0.00038,14.46,1,"1","0","0",1,NA,8,459,6,0
38,"Defenseur",2,"France","aucun","aucun",0,0,NA,NA,NA,NA,NA,NA,NA,NA,NA,NA,NA,NA,NA,"inconnu","inconnu","inconnu",1,NA,6,480,6,0
59,"Attaquant",1,"France","CFM - CENTRE DE FORMATION ST. RENNAIS F.C.","aucun",1,0,NA,18.75,18.75,18.75,18,18,18.75,18.75,18.75,NA,0.00069,24.06,2,"1","0","0",1,5,12,754,8,0
66,"Defenseur",4,"France","aucun","aucun",0,0,NA,NA,NA,NA,NA,NA,NA,NA,NA,NA,NA,NA,NA,"inconnu","inconnu","inconnu",1,NA,2,139,1,0
80,"Gardien de But",2,"France","aucun","aucun",0,0,NA,16.16,16.16,16.16,15.93,15.93,16.16,15.84,15.84,NA,0,21.34,2,"0","0","0",1,NA,1,90,1,0
111,"Milieu",1,"France","CFM - CENTRE DE FORMATION ANGERS S.C.O.","aucun",0,0,15.62,13.52,14.56,13.52,14.48,14.48,14.56,13.51,13.52,13.07,0.00019,18.62,1,"0","0","1",1,NA,4,151,2,0
130,"Attaquant",1,"France","CFM - CENTRE DE FORMATION R.C. LENSOIS","aucun",0,1,NA,NA,NA,NA,NA,NA,NA,NA,NA,NA,NA,NA,1,"1","0","0",1,5,11,678,8,0
134,"Defenseur",4,"France","CFM - CENTRE DE FORMATION R.C. LENSOIS","aucun",0,0,NA,16.51,16.51,16.51,NA,NA,16.51,16.51,16.51,NA,0,85.8,1,"0","1","0",1,NA,1,90,1,0
162,"Gardien de But",3,"France","CFM - CENTRE DE FORMATION A.S. ST ETIENNE","PEM - PEM CLAIREFONTAINE",0,0,6.77,12.08,14.74,12.08,14.74,14.74,14.74,12.08,12.08,6.77,0,23.47,2,"0","0","1",1,NA,4,360,4,0
178,"Milieu",3,"France","CFM - CENTRE DE FORMATION F.C. NANTES","aucun",0,0,NA,14.17,14.17,14.17,18.43,18.43,10.69,10.69,10.69,NA,0.00051,85.43,1,"0","1","0",1,NA,6,274,3,0
181,"Attaquant",2,"France","CFM - CENTRE DE FORMATION ST. RENNAIS F.C.","aucun",0,0,NA,NA,NA,NA,NA,NA,NA,NA,NA,NA,0.00051,11.17,3,"1","0","0",1,1,5,201,2,0
185,"Defenseur",6,"France","aucun","aucun",1,0,NA,NA,NA,NA,NA,NA,NA,NA,NA,NA,NA,0,1,"1","0","0",1,2,13,934,9,1
187,"Attaquant",6,"France","CFM - CENTRE DE FORMATION A.S. ST ETIENNE","PEM - PEM REIMS",0,0,NA,NA,NA,NA,NA,NA,NA,NA,NA,NA,0.00056,40.76,1,"0","0","1",1,NA,3,87,1,0
198,"Milieu",5,"France","CFM - LOSC LILLE ASSOCIATION","PEM - PEM LIEVIN",0,0,16.57,16.04,16.47,16.04,16.04,16.04,16.47,16.04,16.04,15.47,0.00063,18.33,2,"1","0","1",1,2,9,487,5,0
212,"Defenseur",3,"France","CFM - CENTRE DE FORMATION TOULOUSE FOOTBALL CLUB","PEM - PEM CASTELMAUROU",0,0,14.05,14.73,15.07,14.73,15.07,15.07,15.07,14.73,14.73,14.05,0,24.23,1,"0","1","0",1,NA,2,150,2,0
216,"Defenseur",3,"France","CFM - CENTRE DE FORMATION A.J. AUXERROISE","aucun",0,0,NA,NA,NA,NA,NA,NA,NA,NA,NA,NA,6e-05,21.08,2,"0","0","1",1,NA,2,117,1,0
219,"Defenseur",4,"France","aucun","aucun",0,0,NA,NA,NA,NA,NA,NA,NA,NA,NA,NA,NA,NA,1,"1","0","0",1,NA,2,131,2,0
228,"Defenseur",5,"France","CFM - CENTRE DE FORMATION PARIS F.C.","aucun",0,0,NA,NA,NA,NA,NA,NA,NA,NA,NA,NA,7e-05,17.31,3,"1","0","1",1,NA,2,103,1,0
231,"Attaquant",7,"France","CFM - CENTRE DE FORMATION TOULOUSE FOOTBALL CLUB","aucun",0,0,NA,15.36,15.36,15.36,NA,NA,15.36,15.36,15.36,NA,1e-04,22.79,1,"0","1","0",1,NA,2,55,1,0
232,"Defenseur",5,"France","aucun","aucun",1,0,NA,NA,NA,NA,NA,NA,NA,NA,NA,NA,NA,0,1,"1","0","0",1,NA,6,354,4,0
243,"Attaquant",4,"France","CFM - CENTRE DE FORMATION LE HAVRE A.C.","aucun",0,0,NA,NA,NA,NA,NA,NA,NA,NA,NA,NA,NA,NA,NA,"inconnu","inconnu","inconnu",1,NA,2,78,1,0
248,"Attaquant",1,"France","CFM - CENTRE DE FORMATION R.C. STRASBOURG ALSACE","PEM - PEM REIMS",0,0,NA,NA,NA,NA,NA,NA,NA,NA,NA,NA,0.00078,14.15,2,"0","0","1",1,NA,9,466,6,0
262,"Attaquant",2,"France","CFM - CENTRE DE FORMATION VALENCIENNES F.C.","aucun",0,0,NA,NA,NA,NA,NA,NA,NA,NA,NA,NA,NA,NA,NA,"inconnu","inconnu","inconnu",1,NA,2,88,1,0
264,"Milieu",6,"France","CFM - CENTRE DE FORMATION O. DE MARSEILLE - O.M.","aucun",0,0,NA,12.32,12.32,12.32,NA,NA,NA,NA,NA,12.32,0.00089,17.61,2,"1","0","0",1,NA,5,172,2,0
280,"Milieu",1,"France","CFM - CENTRE DE FORMATION O. DE LYON ET DU RHONE","PEM - PEM PLOUFRAGAN",0,0,12.84,14.44,15.05,14.44,15.3,15.3,15.05,14.44,14.44,12.84,2e-04,23.36,3,"1","0","0",1,NA,10,474,5,0
291,"Defenseur",1,"Sénégal","aucun","aucun",1,0,NA,NA,NA,NA,NA,NA,NA,NA,NA,NA,NA,NA,1,"1","0","0",1,NA,9,462,5,1
317,"Attaquant",2,"Comores","CFM - CENTRE DE FORMATION O. DE LYON ET DU RHONE","aucun",0,0,NA,NA,NA,NA,NA,NA,NA,NA,NA,NA,NA,NA,NA,"inconnu","inconnu","inconnu",1,4,7,396,4,0
327,"Attaquant",2,"France","CFM - CENTRE DE FORMATION F.C. LORIENT","aucun",0,0,16.96,16.4,16.75,16.4,16.5,16.5,16.75,16.4,16.4,16.11,0.00042,15.14,3,"1","0","1",1,NA,5,182,2,0
368,"Attaquant",4,"France","CFM - CENTRE DE FORMATION ST. RENNAIS F.C.","aucun",1,0,16.16,17.92,18.8,17.92,18.8,18.8,18.8,17.92,17.92,16.16,0,28.11,2,"1","0","0",1,2,5,195,2,0
371,"Milieu",1,"France","CFM - CENTRE DE FORMATION AS NANCY LORRAINE","aucun",0,0,10.21,10.21,10.21,10.21,10.21,10.21,NA,NA,NA,NA,0,74.22,1,"0","0","0",1,NA,2,126,1,0
373,"Milieu",7,"France","aucun","aucun",0,0,20,12.47,12.59,12.47,13.89,13.89,12.59,12.47,12.47,14.57,0.00024,18.56,2,"0","0","1",1,NA,1,50,NA,0
397,"Attaquant",9,"Cote d'ivoire","CFM - CENTRE DE FORMATION F.C. METZ","aucun",1,0,NA,NA,NA,NA,NA,NA,NA,NA,NA,NA,NA,NA,NA,"inconnu","inconnu","inconnu",1,5,15,966,11,1
409,"Defenseur",10,"France","aucun","aucun",0,0,18.27,14.13,14.78,14.13,13.59,13.59,13.04,12.75,12.75,12.16,0,18.66,3,"1","0","1",1,NA,2,128,2,0
412,"Defenseur",1,"France","CFM - CENTRE DE FORMATION O.G.C. NICE COTE D'AZUR","aucun",1,0,NA,NA,NA,NA,NA,NA,NA,NA,NA,NA,0,90,1,"0","1","0",1,1,9,590,7,1
415,"Defenseur",6,"France","CFM - CENTRE DE FORMATION O. DE LYON ET DU RHONE","PEM - PEM REIMS",1,0,NA,NA,NA,NA,NA,NA,NA,NA,NA,NA,NA,NA,NA,"inconnu","inconnu","inconnu",1,NA,13,1135,13,0
416,"Attaquant",4,"France","CFM - CENTRE DE FORMATION A.S. ST ETIENNE","aucun",0,0,NA,10.55,10.55,10.55,NA,NA,10.55,10.55,10.55,NA,0,67.67,1,"0","0","1",1,2,11,518,6,0
452,"Defenseur",4,"France","CFM - CENTRE DE FORMATION O. DE LYON ET DU RHONE","PEM - PEM DIJON",0,0,NA,11.34,11.34,11.34,NA,NA,11.34,11.35,11.34,NA,0,51.44,2,"1","0","0",1,NA,3,154,2,1
465,"Defenseur",2,"Congo","aucun","aucun",0,0,NA,NA,NA,NA,NA,NA,NA,NA,NA,NA,NA,NA,NA,"inconnu","inconnu","inconnu",1,NA,5,348,4,0
470,"Defenseur",2,"France","CFM - CENTRE DE FORMATION F.C. METZ","PEM - PEM NANCY",1,0,NA,17.75,17.75,17.75,NA,NA,17.75,17.75,17.75,NA,0,45.79,1,"0","0","1",1,NA,11,768,8,0
479,"Defenseur",4,"France","CFM - CENTRE DE FORMATION F.C. SOCHAUX MONTBELIARD","PEM - PEM TALENCE",0,0,10.18,12.59,12.59,12.59,10.18,10.18,15,15,15,NA,0,81.88,1,"0","0","1",1,NA,1,19,NA,0
491,"Defenseur",10,"France","CFM - CENTRE DE FORMATION A.S. ST ETIENNE","aucun",1,0,NA,NA,NA,NA,NA,NA,NA,NA,NA,NA,NA,NA,NA,"inconnu","inconnu","inconnu",1,NA,6,422,5,1
496,"Defenseur",1,"France","CFM - CENTRE DE FORMATION LE HAVRE A.C.","aucun",0,0,NA,NA,NA,NA,NA,NA,NA,NA,NA,NA,NA,NA,NA,"inconnu","inconnu","inconnu",1,NA,8,574,6,0
498,"Defenseur",4,"France","CFM - CENTRE DE FORMATION ST. MALHERBE CAEN-CALV.B.NORM.","aucun",0,0,NA,NA,NA,NA,NA,NA,NA,NA,NA,NA,NA,NA,NA,"inconnu","inconnu","inconnu",1,NA,1,90,1,0
499,"Attaquant",10,"Congo","CFM - CENTRE DE FORMATION ST. BRESTOIS 29","aucun",0,0,16,12.9,12.9,12.9,15.51,15.51,10.53,10.53,10.53,NA,7e-04,27.92,3,"1","0","0",1,NA,2,68,1,0
535,"Defenseur",9,"France","CFM - CENTRE DE FORMATION F.C. NANTES","aucun",0,0,NA,NA,NA,NA,NA,NA,NA,NA,NA,NA,0.00048,23.07,2,"0","1","0",1,1,5,270,4,0
540,"Milieu",5,"France","aucun","aucun",0,0,NA,NA,NA,NA,NA,NA,NA,NA,NA,NA,NA,NA,NA,"inconnu","inconnu","inconnu",1,NA,1,49,NA,0
545,"Defenseur",1,"France","CFM - CENTRE DE FORMATION O. DE LYON ET DU RHONE","aucun",0,0,NA,NA,NA,NA,NA,NA,NA,NA,NA,NA,0,14.53,2,"1","0","0",1,NA,2,89,1,0
546,"Defenseur",1,"France","CFM - CENTRE DE FORMATION F.C. NANTES","PEM - PEM PLOUFRAGAN",0,0,12.95,13.25,14.29,13.25,13.92,13.92,14.29,13.25,13.25,12.95,0,17.78,2,"0","1","1",1,1,3,134,2,0
547,"Defenseur",4,"France","aucun","aucun",0,0,NA,15.97,15.97,15.97,14.13,14.13,15.97,15.97,15.97,NA,0,23.89,1,"1","0","0",1,NA,5,266,4,0
557,"Defenseur",1,"France","CFM - ACADEMY AS MONACO FC","aucun",0,0,NA,14.19,14.19,14.19,15.8,15.8,14.19,14.19,14.19,NA,0.00017,17.32,2,"0","1","0",1,NA,1,90,1,0
563,"Milieu",5,"France","aucun","aucun",0,0,NA,NA,NA,NA,NA,NA,NA,NA,NA,NA,0,73.33,1,"1","0","0",1,NA,2,88,1,1
568,"Defenseur",9,"France","aucun","aucun",0,0,11.43,14.47,15.22,14.47,15.22,15.22,15.22,14.47,14.47,11.43,2e-04,25.98,1,"1","0","0",1,NA,11,645,7,0
579,"Attaquant",7,"France","aucun","aucun",1,0,NA,NA,NA,NA,NA,NA,NA,NA,NA,NA,NA,NA,NA,"inconnu","inconnu","inconnu",1,4,14,760,10,1
593,"Defenseur",2,"France","CFM - CENTRE DE FORMATION O. DE MARSEILLE - O.M.","aucun",0,0,NA,NA,NA,NA,NA,NA,NA,NA,NA,NA,0,90,1,"1","0","0",1,NA,1,90,1,0
595,"Attaquant",9,"France","CFM - CENTRE DE FORMATION O. DE LYON ET DU RHONE","aucun",0,0,NA,NA,NA,NA,NA,NA,NA,NA,NA,NA,0.00168,14.55,3,"1","0","0",1,9,10,455,5,0
609,"Milieu",8,"France","CFM - CENTRE DE FORMATION ST. RENNAIS F.C.","aucun",1,0,NA,NA,NA,NA,NA,NA,NA,NA,NA,NA,NA,NA,NA,"inconnu","inconnu","inconnu",1,4,12,738,7,0
616,"Milieu",7,"France","CFM - CENTRE DE FORMATION ST. RENNAIS F.C.","PEM - PEM PLOUFRAGAN",0,0,16.52,15.39,14.55,15.39,15.37,15.37,14.55,15.39,15.39,16.52,0.00037,19.97,3,"1","0","1",1,2,11,658,8,0
674,"Gardien de But",2,"France","aucun","aucun",0,0,NA,NA,NA,NA,18.75,18.75,NA,NA,NA,NA,0,14.61,2,"0","0","1",1,NA,7,590,7,0
688,"Milieu",5,"France","aucun","aucun",0,0,NA,NA,NA,NA,NA,NA,NA,NA,NA,NA,NA,NA,NA,"inconnu","inconnu","inconnu",1,NA,8,321,4,0
690,"Defenseur",2,"France","aucun","aucun",0,0,NA,NA,NA,NA,NA,NA,NA,NA,NA,NA,NA,NA,NA,"inconnu","inconnu","inconnu",1,NA,1,14,NA,0
695,"Defenseur",2,"France","CFM - CENTRE DE FORMATION A.J. AUXERROISE","aucun",1,0,NA,NA,NA,NA,NA,NA,NA,NA,NA,NA,NA,NA,NA,"inconnu","inconnu","inconnu",1,3,12,1056,12,0
697,"Defenseur",3,"France","CFM - CENTRE DE FORMATION DIJON FOOTBALL CÔTE D'OR","PEM - PEM DIJON",0,0,17.56,14.96,13.42,14.96,14.97,14.97,11.72,14.43,14.43,18.05,0,40.8,1,"0","0","0",1,2,9,675,7,0
712,"Milieu",2,"France","CFM - CENTRE DE FORMATION R.C. LENSOIS","aucun",1,0,NA,NA,NA,NA,NA,NA,NA,NA,NA,NA,NA,NA,NA,"inconnu","inconnu","inconnu",1,2,9,578,6,0
715,"Gardien de But",2,"France","CFM - CENTRE DE FORMATION DIJON FOOTBALL CÔTE D'OR","PEM - PEM CLAIREFONTAINE",0,0,NA,16.78,16.78,16.78,17.45,17.45,16.78,16.78,16.78,NA,0,17.52,3,"0","1","1",1,NA,2,180,2,0
728,"Defenseur",1,"France","aucun","aucun",0,0,14.73,13.34,11.31,13.34,13.34,13.34,11.31,13.34,13.34,16.05,7e-05,22.79,1,"0","1","0",1,1,8,490,6,0
732,"Defenseur",4,"France","CFM - CENTRE DE FORMATION F.C. NANTES","aucun",1,0,NA,NA,NA,NA,NA,NA,NA,NA,NA,NA,NA,NA,NA,"inconnu","inconnu","inconnu",1,1,7,413,4,0
734,"Milieu",1,"France","aucun","aucun",0,0,NA,15.64,15.64,15.64,15.51,15.51,15.64,15.64,15.64,NA,NA,NA,NA,"inconnu","inconnu","inconnu",1,2,7,376,3,0
736,"Milieu",1,"France","CFM - CENTRE DE FORMATION R.C. LENSOIS","aucun",0,0,NA,NA,NA,NA,NA,NA,NA,NA,NA,NA,NA,NA,NA,"inconnu","inconnu","inconnu",1,NA,1,64,1,1
744,"Attaquant",7,"France","CFM - CENTRE DE FORMATION TOULOUSE FOOTBALL CLUB","aucun",0,0,NA,NA,NA,NA,NA,NA,NA,NA,NA,NA,0.00021,13.02,2,"0","1","1",1,NA,1,55,1,0
750,"Milieu",12,"France","aucun","aucun",0,0,NA,NA,NA,NA,NA,NA,NA,NA,NA,NA,NA,NA,NA,"inconnu","inconnu","inconnu",1,5,8,439,4,0
757,"Attaquant",1,"France","aucun","aucun",1,0,NA,NA,NA,NA,NA,NA,NA,NA,NA,NA,NA,NA,NA,"inconnu","inconnu","inconnu",1,3,14,687,8,0
758,"Defenseur",5,"France","CFM - CENTRE DE FORMATION R.C. LENSOIS","aucun",0,0,15.98,15.6,16.34,15.6,16.7,16.7,16.34,15.6,15.6,14.74,0,20,2,"0","1","0",1,NA,8,516,6,0
766,"Attaquant",4,"France","CFM - CENTRE DE FORMATION R.C. STRASBOURG ALSACE","aucun",0,0,15.34,15.34,NA,15.34,16.89,16.89,NA,NA,NA,15.34,0.00019,19.32,1,"0","1","0",1,NA,3,200,2,0
769,"Defenseur",2,"France","CFM - CENTRE DE FORMATION F.C. DES GIRONDINS DE BORDEAUX","PEM - PEM CLAIREFONTAINE",1,0,NA,NA,NA,NA,NA,NA,NA,NA,NA,NA,0.00055,73.16,1,"0","0","1",1,NA,11,805,8,0
774,"Defenseur",4,"Cap-Vert","CFM - CENTRE DE FORMATION ST DE REIMS","PEM - PEM REIMS",0,0,18.02,18.02,18.02,18.02,19.01,19.01,NA,NA,NA,NA,0,43.88,1,"0","0","1",1,NA,9,470,5,0
791,"Attaquant",12,"France","CFM - CENTRE DE FORMATION ST. RENNAIS F.C.","aucun",1,0,13.69,12.94,12.84,12.94,12.94,12.94,12.84,12.17,12.17,13.69,0.0012,21.13,1,"1","0","0",1,NA,4,198,2,0
801,"Defenseur",6,"France","CFM - CENTRE DE FORMATION R.C. LENSOIS","PEM - PEM CLAIREFONTAINE",0,0,18.06,18.06,18.06,18.06,17.04,17.04,NA,NA,NA,NA,7e-05,20.31,2,"1","1","0",1,NA,4,244,2,0
816,"Gardien de But",1,"France","CFM - CENTRE DE FORMATION DIJON FOOTBALL CÔTE D'OR","aucun",0,0,18.7,18.7,18.7,18.7,18.7,18.7,NA,18.7,NA,NA,0,38.44,1,"0","0","0",1,NA,1,49,NA,0
828,"Defenseur",4,"France","CFM - CENTRE DE FORMATION ST DE REIMS","aucun",0,0,NA,NA,NA,NA,NA,NA,NA,NA,NA,NA,NA,0,1,"0","0","1",1,NA,7,392,3,0
836,"Defenseur",3,"France","CFM - CENTRE DE FORMATION F.C. SOCHAUX MONTBELIARD","PEM - PEM CLAIREFONTAINE",0,0,18.28,16.16,16.16,16.16,18.28,18.28,14.04,14.04,14.04,NA,0,87.55,1,"0","0","1",1,NA,4,220,2,0
853,"Defenseur",7,"France","CFM - CENTRE DE FORMATION PARIS F.C.","aucun",0,0,NA,NA,NA,NA,NA,NA,NA,NA,NA,NA,0.00046,13.81,2,"1","0","0",1,1,7,321,3,0
857,"Attaquant",8,"France","CFM - CENTRE DE FORMATION O. DE LYON ET DU RHONE","aucun",1,0,17.81,18.42,17.38,18.42,18.42,18.42,17.38,18.62,18.62,19.05,0.00264,32.44,1,"1","0","0",1,6,6,359,4,0
859,"Attaquant",7,"France","CFM - CENTRE DE FORMATION ESPER. TROYES AUBE CHAMPAGNE","aucun",0,0,NA,NA,NA,NA,NA,NA,NA,NA,NA,NA,NA,NA,NA,"inconnu","inconnu","inconnu",1,NA,1,50,1,1
879,"Attaquant",2,"France","aucun","PEM - PEM TALENCE",1,0,NA,16.34,16.34,16.34,NA,NA,16.34,16.34,16.34,NA,0,33.73,1,"0","0","1",1,2,9,305,5,0
933,"Milieu",8,"France","CFM - CENTRE DE FORMATION A.S. ST ETIENNE","PEM - PEM REIMS",0,0,NA,14.43,13.93,14.43,14.28,14.28,13.93,14.43,14.43,15.93,0,18.71,3,"0","1","1",1,NA,11,782,7,1
969,"Attaquant",8,"France","CFM - CENTRE DE FORMATION F.C. DES GIRONDINS DE BORDEAUX","aucun",0,0,NA,4.91,4.91,4.91,15,15,4.91,4.91,4.91,NA,0.00049,19.64,2,"0","0","1",1,3,9,461,6,0
970,"Milieu",1,"France","CFM - CENTRE DE FORMATION F.C. DES GIRONDINS DE BORDEAUX","aucun",1,0,NA,16.58,16.58,16.58,NA,NA,16.58,16.58,16.58,NA,0,74.88,1,"0","0","1",1,NA,11,691,8,1
972,"Milieu",1,"France","CFM - CENTRE DE FORMATION EN AVANT GUINGAMP","PEM - PEM PLOUFRAGAN",1,0,NA,NA,NA,NA,NA,NA,NA,NA,NA,NA,NA,NA,NA,"inconnu","inconnu","inconnu",1,NA,11,587,7,0
982,"Defenseur",10,"France","aucun","aucun",1,0,NA,NA,NA,NA,NA,NA,NA,NA,NA,NA,0.00046,77.5,1,"1","0","0",1,1,8,396,4,0
1001,"Milieu",5,"France","CFM - CENTRE DE FORMATION R.C. LENSOIS","PEM - PEM LIEVIN",0,0,NA,17.24,17.24,17.24,16.91,16.91,17.24,17.24,17.24,NA,4e-05,19.71,2,"0","1","0",1,3,8,405,5,0
1004,"Milieu",2,"France","CFM - CENTRE DE FORMATION F.C. DES GIRONDINS DE BORDEAUX","aucun",1,0,NA,NA,NA,NA,NA,NA,NA,NA,NA,NA,NA,NA,NA,"inconnu","inconnu","inconnu",1,NA,13,773,9,0
1022,"Attaquant",5,"France","CFM - CENTRE DE FORMATION A.S. ST ETIENNE","PEM - PEM CLAIREFONTAINE",0,0,NA,13.59,12.5,13.59,12.5,12.5,12.5,13.59,13.59,15.77,0.00092,18.11,2,"0","0","1",1,1,6,255,3,0
1038,"Attaquant",3,"France","CFM - CENTRE DE FORMATION ST DE REIMS","PEM - PEM CLAIREFONTAINE",0,0,15.37,15.78,16.76,15.78,16.32,16.32,16.19,15.07,15.07,12.84,8e-05,22.63,3,"0","1","1",1,3,9,430,5,1
1065,"Attaquant",2,"France","CFM - CENTRE DE FORMATION AS NANCY LORRAINE","PEM - PEM REIMS",0,0,NA,NA,NA,NA,NA,NA,NA,NA,NA,NA,NA,NA,NA,"inconnu","inconnu","inconnu",1,1,4,221,2,0
1089,"Milieu",1,"France","CFM - CENTRE DE FORMATION F.C. NANTES","aucun",0,1,13.75,NA,NA,NA,13.75,13.75,NA,NA,NA,NA,0.00026,19.98,3,"1","1","1",1,NA,5,288,4,0
1091,"Defenseur",1,"France","CFM - CENTRE DE FORMATION A.C. AJACCIEN","aucun",0,0,NA,NA,13.95,NA,NA,NA,NA,NA,NA,NA,0.00012,19.2,2,"1","0","0",1,NA,1,23,1,0
1094,"Milieu",1,"France","CFM - CENTRE DE FORMATION O.G.C. NICE COTE D'AZUR","aucun",0,0,NA,13.14,13.14,13.14,NA,NA,NA,NA,NA,13.14,2e-04,17.29,2,"0","1","0",1,1,2,103,1,0
1098,"Attaquant",2,"France","CFM - CENTRE DE FORMATION R.C. LENSOIS","aucun",2,0,NA,NA,NA,NA,NA,NA,NA,NA,NA,NA,NA,NA,NA,"inconnu","inconnu","inconnu",1,4,12,683,8,0
1103,"Milieu",11,"France","CFM - CENTRE DE FORMATION F.C. METZ","PEM - PEM NANCY",0,0,NA,NA,NA,NA,NA,NA,NA,NA,NA,NA,0,37,1,"0","0","1",1,NA,5,221,2,0
1104,"Milieu",1,"France","CFM - CENTRE DE FORMATION AS NANCY LORRAINE","PEM - PEM NANCY",1,0,NA,NA,NA,NA,NA,NA,NA,NA,NA,NA,0,90,1,"0","0","0",1,3,12,751,7,0
1105,"Gardien de But",2,"France","CFM - CENTRE DE FORMATION R.C. LENSOIS","PEM - PEM LIEVIN",0,0,13.79,13.79,NA,13.79,15,15,NA,13.79,13.79,13.79,0,29.02,1,"0","1","0",1,NA,1,90,1,0
1107,"Defenseur",11,"France","CFM - CENTRE DE FORMATION O. DE LYON ET DU RHONE","aucun",0,0,16.88,9.89,9.89,9.89,12.22,12.22,9.89,9.89,9.89,NA,0,28.46,3,"1","0","0",1,NA,NA,0,NA,0
1108,"Milieu",2,"France","CFM - CENTRE DE FORMATION TOULOUSE FOOTBALL CLUB","PEM - PEM TALENCE",0,0,NA,15.58,15.58,15.58,15.58,15.58,15.58,15.58,15.58,NA,0.00033,35.12,1,"0","1","0",1,2,5,175,2,0
1154,"Attaquant",6,"France","aucun","aucun",0,0,NA,NA,NA,NA,NA,NA,NA,NA,NA,NA,NA,NA,NA,"inconnu","inconnu","inconnu",1,NA,1,44,NA,0
1157,"Attaquant",1,"Gabon","CFM - CENTRE DE FORMATION F.C. DES GIRONDINS DE BORDEAUX","aucun",1,0,NA,NA,NA,NA,NA,NA,NA,NA,NA,NA,NA,NA,NA,"inconnu","inconnu","inconnu",1,2,6,381,4,0
1170,"Attaquant",2,"France","aucun","aucun",1,1,NA,17.5,17.5,17.5,NA,NA,17.5,17.5,17.5,NA,NA,0,1,"1","0","0",1,1,9,421,6,0
1179,"Attaquant",3,"Guinée","CFM - CENTRE DE FORMATION F.C. DES GIRONDINS DE BORDEAUX","aucun",0,0,NA,12.86,12.86,12.86,8.33,8.33,12.86,12.86,12.86,NA,2e-04,22.42,2,"0","0","1",1,3,15,806,9,0
1203,"Milieu",2,"Tunisie","CFM - CENTRE DE FORMATION O. DE LYON ET DU RHONE","aucun",0,0,15.47,16.29,16.78,16.29,16.29,16.29,16.78,16.28,16.29,15.96,0.00081,15.97,2,"1","0","0",1,NA,1,67,1,0
1206,"Milieu",1,"France","CFM - CENTRE DE FORMATION O. DE LYON ET DU RHONE","aucun",1,0,NA,NA,NA,NA,NA,NA,NA,NA,NA,NA,NA,NA,NA,"inconnu","inconnu","inconnu",1,1,11,774,9,0
1228,"Milieu",9,"France","CFM - CENTRE DE FORMATION O. DE MARSEILLE - O.M.","aucun",0,0,14.28,11.16,8.82,11.16,11.16,11.16,8.82,11.16,11.16,14.28,0.00025,26.25,1,"1","0","0",1,NA,4,188,1,0
1233,"Gardien de But",1,"France","CFM - CENTRE DE FORMATION TOULOUSE FOOTBALL CLUB","PEM - PEM CASTELMAUROU",0,0,NA,NA,NA,NA,NA,NA,NA,NA,NA,NA,NA,NA,NA,"inconnu","inconnu","inconnu",1,NA,5,450,5,1
1236,"Milieu",4,"France","CFM - CENTRE DE FORMATION ST. MALHERBE CAEN-CALV.B.NORM.","aucun",0,0,NA,NA,NA,NA,NA,NA,NA,NA,NA,NA,NA,NA,NA,"inconnu","inconnu","inconnu",1,NA,4,225,2,0
1239,"Attaquant",9,"France","CFM - CENTRE DE FORMATION AMIENS SP.C. PICARDIE","PEM - PEM CLAIREFONTAINE",0,0,14.64,14.23,15.09,14.23,15.09,15.09,13.81,13.08,13.08,11.63,0.00036,25.72,2,"0","0","1",1,NA,2,77,1,0
1252,"Attaquant",12,"France","CFM - CENTRE DE FORMATION O. DE LYON ET DU RHONE","aucun",2,0,NA,NA,NA,NA,NA,NA,NA,NA,NA,NA,NA,NA,NA,"inconnu","inconnu","inconnu",1,8,17,905,9,1
1253,"Milieu",2,"France","aucun","aucun",0,0,NA,12.2,12.2,12.2,13.76,13.76,12.2,12.2,12.2,NA,0.00013,39.94,1,"0","0","0",1,1,10,451,4,0
1262,"Milieu",2,"France","CFM - ACADEMY AS MONACO FC","PEM - PEM AIX EN PROVENCE",0,0,NA,14.19,14.2,14.19,14.25,14.25,14.2,14.19,14.19,14.15,0,22.97,2,"0","1","0",1,NA,4,178,2,0
1284,"Attaquant",2,"France","CFM - CENTRE DE FORMATION O.G.C. NICE COTE D'AZUR","PEM - PEM AIX EN PROVENCE",0,0,NA,NA,NA,NA,NA,NA,NA,NA,NA,NA,0.00055,15.47,3,"0","1","1",1,NA,3,105,1,0
1305,"Defenseur",3,"France","CFM - CENTRE DE FORMATION F.C. SOCHAUX MONTBELIARD","aucun",2,0,NA,NA,NA,NA,NA,NA,NA,NA,NA,NA,NA,NA,NA,"inconnu","inconnu","inconnu",1,NA,13,1077,12,0
1313,"Attaquant",1,"France","CFM - CENTRE DE FORMATION O. DE LYON ET DU RHONE","aucun",0,0,NA,NA,17.49,17.49,17.49,17.49,NA,NA,NA,17.49,0.00087,12.52,3,"1","0","0",1,NA,4,166,2,0
1316,"Defenseur",1,"France","CFM - ACADEMY AS MONACO FC","aucun",0,0,NA,14.01,14.01,14.01,NA,NA,NA,NA,NA,14.01,7e-05,14.03,2,"0","1","0",1,1,1,90,1,0
1321,"Defenseur",1,"France","CFM - ACADEMY AS MONACO FC","aucun",0,0,NA,NA,NA,NA,NA,NA,NA,NA,NA,NA,NA,NA,NA,"inconnu","inconnu","inconnu",1,NA,7,558,6,0
1338,"Attaquant",4,"France","aucun","aucun",0,0,NA,NA,NA,NA,NA,NA,NA,NA,NA,NA,NA,NA,NA,"inconnu","inconnu","inconnu",1,NA,1,38,NA,0
1346,"Attaquant",8,"France","aucun","aucun",0,0,14.71,14.71,14.71,14.71,14.71,14.71,NA,NA,NA,NA,0,90.14,1,"0","1","0",1,NA,2,78,1,0
1354,"Defenseur",1,"Cameroun","CFM - CENTRE DE FORMATION A.J. AUXERROISE","PEM - PEM CLAIREFONTAINE",0,0,NA,NA,NA,NA,NA,NA,NA,NA,NA,NA,NA,NA,NA,"inconnu","inconnu","inconnu",1,1,9,713,8,0
1371,"Gardien de But",8,"Cote d'ivoire","CFM - CENTRE DE FORMATION LE HAVRE A.C.","aucun",0,0,13.86,13.86,13.86,13.86,13.86,13.86,NA,13.86,NA,NA,0,70,1,"0","1","0",1,NA,5,373,4,1
1372,"Milieu",3,"France","CFM - CENTRE DE FORMATION ST. MALHERBE CAEN-CALV.B.NORM.","aucun",0,0,NA,NA,NA,NA,NA,NA,NA,NA,NA,NA,NA,NA,NA,"inconnu","inconnu","inconnu",1,1,12,703,8,0
1373,"Milieu",4,"France","aucun","aucun",0,0,NA,NA,NA,NA,NA,NA,NA,NA,NA,NA,NA,NA,NA,"inconnu","inconnu","inconnu",1,NA,11,562,7,0
1386,"Milieu",7,"France","CFM - CENTRE DE FORMATION TOULOUSE FOOTBALL CLUB","PEM - PEM CLAIREFONTAINE",0,0,NA,NA,NA,NA,NA,NA,NA,NA,NA,NA,0,14.77,2,"0","1","0",1,1,2,147,1,0
1387,"Attaquant",6,"France","CFM - CENTRE DE FORMATION A.S. ST ETIENNE","PEM - PEM CLAIREFONTAINE",1,0,NA,NA,NA,NA,NA,NA,NA,NA,NA,NA,NA,NA,NA,"inconnu","inconnu","inconnu",1,8,12,877,9,1
1389,"Defenseur",2,"France","CFM - CENTRE DE FORMATION ST. RENNAIS F.C.","PEM - PEM CLAIREFONTAINE",0,0,5.44,5.44,NA,5.44,NA,NA,NA,5.44,5.44,5.44,0.00011,24.36,2,"1","0","1",1,NA,4,223,2,0
1390,"Milieu",1,"Sénégal","CFM - CENTRE DE FORMATION R.C. STRASBOURG ALSACE","PEM - PEM NANCY",0,0,13.85,14.01,14.14,14.01,16.12,16.12,14.14,13.24,13.24,15.45,0.00024,15.69,2,"0","0","1",1,1,3,107,1,1
1397,"Milieu",5,"France","CFM - CENTRE DE FORMATION R.C. LENSOIS","aucun",0,0,NA,17.29,17.29,17.29,17.29,17.29,17.29,17.29,17.29,NA,7e-05,23.12,1,"0","1","0",1,NA,5,235,1,0
1403,"Defenseur",1,"France","CFM - LOSC LILLE ASSOCIATION","PEM - PEM SAINT-SEBASTIEN SUR LOIRE",1,0,18.36,15.87,14.63,15.87,15.03,15.03,14.63,14.63,14.63,18.36,0,45.87,1,"1","0","0",1,NA,3,127,2,0
1419,"Milieu",1,"France","CFM - CENTRE DE FORMATION A.J. AUXERROISE","aucun",0,0,13.8,13.8,NA,13.8,13.8,13.8,NA,13.8,13.8,13.8,0.00023,18.85,2,"1","0","0",1,NA,7,384,3,0
1420,"Milieu",4,"France","CFM - CENTRE DE FORMATION O. DE LYON ET DU RHONE","aucun",0,0,NA,NA,NA,NA,NA,NA,NA,NA,NA,NA,NA,NA,NA,"inconnu","inconnu","inconnu",1,NA,2,109,1,1
1424,"Defenseur",2,"France","aucun","aucun",0,0,NA,NA,NA,NA,NA,NA,NA,NA,NA,NA,NA,NA,NA,"inconnu","inconnu","inconnu",1,NA,7,414,5,0
1425,"Attaquant",2,"France","CFM - CENTRE DE FORMATION LA BERRICHONNE DE CHATEAUROUX","aucun",1,0,NA,NA,NA,NA,NA,NA,NA,NA,NA,NA,NA,NA,NA,"inconnu","inconnu","inconnu",1,2,4,218,2,0
1430,"Attaquant",1,"Guadeloupe","CFM - CENTRE DE FORMATION EN AVANT GUINGAMP","aucun",0,0,NA,NA,NA,NA,NA,NA,NA,NA,NA,NA,0.001,77.04,1,"1","0","0",1,4,5,228,2,0
1441,"Defenseur",2,"France","CFM - CENTRE DE FORMATION A.S. ST ETIENNE","aucun",0,0,NA,NA,NA,NA,NA,NA,NA,NA,NA,NA,3e-05,16.31,2,"0","0","1",1,NA,3,182,3,0
1449,"Defenseur",3,"France","CFM - CENTRE DE FORMATION ESPER. TROYES AUBE CHAMPAGNE","PEM - PEM REIMS",0,0,NA,11.88,17.13,11.88,17.13,17.13,17.13,11.88,11.88,11.88,8e-05,19.68,3,"1","0","0",1,NA,5,249,3,0
1451,"Attaquant",2,"Maroc","CFM - ACADEMY AS MONACO FC","aucun",1,0,NA,NA,NA,NA,NA,NA,NA,NA,NA,NA,NA,NA,NA,"inconnu","inconnu","inconnu",1,1,10,567,7,0
1456,"Defenseur",1,"France","CFM - CENTRE DE FORMATION O. DE LYON ET DU RHONE","aucun",0,0,16.28,16.35,16.13,16.35,16.35,16.35,16.13,16.35,16.35,16.55,0,20.66,2,"1","0","0",1,1,5,271,3,0
1461,"Attaquant",3,"Guadeloupe","CFM - CENTRE DE FORMATION A.J. AUXERROISE","aucun",0,1,NA,NA,NA,NA,NA,NA,NA,NA,NA,NA,NA,0,1,"1","0","0",1,1,8,460,5,0
1468,"Defenseur",4,"France","CFM - LOSC LILLE ASSOCIATION","PEM - PEM LIEVIN",1,0,NA,NA,NA,NA,NA,NA,NA,NA,NA,NA,NA,NA,NA,"inconnu","inconnu","inconnu",1,NA,3,204,2,0
1472,"Gardien de But",2,"France","CFM - ACADEMY AS MONACO FC","aucun",0,1,NA,NA,NA,NA,NA,NA,NA,NA,NA,NA,NA,NA,1,"0","0","0",1,NA,2,180,2,0
1482,"Milieu",1,"Tunisie","CFM - ACADEMY AS MONACO FC","PEM - PEM CLAIREFONTAINE",0,1,15.49,15.94,16.28,15.94,16.45,16.45,16.28,15.94,15.94,15.49,0.00023,15.4,4,"1","1","0",1,1,12,723,8,0
1488,"Milieu",10,"France","aucun","aucun",0,0,NA,NA,NA,NA,NA,NA,NA,NA,NA,NA,NA,NA,NA,"inconnu","inconnu","inconnu",1,NA,3,152,2,0
1492,"Milieu",1,"France","CFM - CENTRE DE FORMATION ST. BRESTOIS 29","aucun",0,0,NA,NA,NA,NA,NA,NA,NA,NA,NA,NA,NA,NA,NA,"inconnu","inconnu","inconnu",1,NA,1,90,1,0
1494,"Defenseur",3,"France","CFM - CENTRE DE FORMATION VALENCIENNES F.C.","aucun",0,0,17.04,17.09,17.04,17.09,17.04,17.04,NA,17.14,17.14,17.14,0,38.87,1,"0","0","1",1,NA,3,109,1,0
1496,"Attaquant",3,"Guinée","CFM - CENTRE DE FORMATION ST. LAVALLOIS F.C.","aucun",1,0,NA,NA,NA,NA,NA,NA,NA,NA,NA,NA,NA,NA,NA,"inconnu","inconnu","inconnu",1,1,4,163,1,0
1507,"Milieu",9,"France","CFM - CENTRE DE FORMATION AS NANCY LORRAINE","aucun",0,0,NA,9.74,7.18,9.74,7.18,7.18,7.18,7.18,7.18,20,0.00033,25.02,2,"0","0","1",1,NA,2,92,1,0
1528,"Milieu",8,"France","CFM - CENTRE DE FORMATION O.G.C. NICE COTE D'AZUR","aucun",0,0,NA,NA,NA,NA,NA,NA,NA,NA,NA,NA,NA,NA,NA,"inconnu","inconnu","inconnu",1,NA,1,47,1,0
1542,"Defenseur",7,"France","CFM - CENTRE DE FORMATION ST. RENNAIS F.C.","PEM - PEM PLOUFRAGAN",1,0,NA,NA,NA,NA,NA,NA,NA,NA,NA,NA,NA,NA,NA,"inconnu","inconnu","inconnu",1,NA,13,963,10,0
1545,"Gardien de But",4,"France","aucun","aucun",0,0,NA,NA,NA,NA,NA,NA,NA,NA,NA,NA,NA,NA,NA,"inconnu","inconnu","inconnu",1,NA,1,90,1,0
1557,"Milieu",2,"Cameroun","CFM - CENTRE DE FORMATION LE HAVRE A.C.","aucun",2,0,NA,NA,NA,NA,NA,NA,NA,NA,NA,NA,NA,NA,NA,"inconnu","inconnu","inconnu",1,5,19,1510,17,1
1566,"Defenseur",3,"France","CFM - CENTRE DE FORMATION A.S. ST ETIENNE","aucun",0,0,NA,NA,NA,NA,NA,NA,NA,NA,NA,NA,0,44.72,1,"0","0","1",1,1,7,549,5,1
1570,"Defenseur",1,"France","CFM - CENTRE DE FORMATION O. DE LYON ET DU RHONE","aucun",2,0,NA,NA,NA,NA,NA,NA,NA,NA,NA,NA,NA,NA,NA,"inconnu","inconnu","inconnu",1,NA,12,902,10,0
1572,"Milieu",1,"France","CFM - CENTRE DE FORMATION VALENCIENNES F.C.","aucun",0,0,NA,NA,NA,NA,NA,NA,NA,NA,NA,NA,NA,NA,NA,"inconnu","inconnu","inconnu",1,NA,7,320,3,0
1598,"Attaquant",5,"France","CFM - CENTRE DE FORMATION MONTPELLIER HERAULT SP.C.","aucun",0,0,NA,NA,NA,NA,NA,NA,NA,NA,NA,NA,NA,NA,NA,"inconnu","inconnu","inconnu",1,NA,2,92,1,0
1603,"Defenseur",6,"France","CFM - CENTRE DE FORMATION AS NANCY LORRAINE","PEM - PEM LIEVIN",2,0,NA,NA,NA,NA,NA,NA,NA,NA,NA,NA,NA,NA,NA,"inconnu","inconnu","inconnu",1,NA,6,334,3,1
1606,"Attaquant",4,"France","CFM - CENTRE DE FORMATION F.C. NANTES","PEM - PEM PLOUFRAGAN",0,0,NA,11.38,11.38,11.38,12.59,12.59,11.38,11.38,11.38,NA,0.00094,36.3,1,"0","1","0",1,NA,2,81,1,0
1607,"Attaquant",4,"France","aucun","aucun",0,0,NA,NA,NA,NA,NA,NA,NA,NA,NA,NA,NA,NA,NA,"inconnu","inconnu","inconnu",1,9,13,926,10,0
1608,"Milieu",11,"France","CFM - CENTRE DE FORMATION MONTPELLIER HERAULT SP.C.","aucun",0,0,NA,NA,NA,NA,NA,NA,NA,NA,NA,NA,NA,NA,NA,"inconnu","inconnu","inconnu",1,NA,1,90,1,0
1623,"Milieu",1,"Thaïlande","CFM - CENTRE DE FORMATION AS NANCY LORRAINE","PEM - PEM NANCY",0,0,18.64,17.86,17.86,17.86,18.64,18.64,17.08,17.08,17.08,NA,0,43.3,1,"0","0","0",1,1,4,254,3,0
1632,"Milieu",6,"France","CFM - CENTRE DE FORMATION A.S. ST ETIENNE","aucun",0,0,NA,NA,NA,NA,NA,NA,NA,NA,NA,NA,NA,NA,NA,"inconnu","inconnu","inconnu",1,NA,3,110,1,0
1647,"Defenseur",3,"Algérie","CFM - LOSC LILLE ASSOCIATION","aucun",0,0,9.91,11.55,14.01,11.55,11.86,11.86,14.01,11.55,11.55,9.91,0,19.54,3,"1","0","0",1,NA,9,562,6,0
1657,"Attaquant",12,"France","aucun","aucun",1,0,NA,NA,NA,NA,NA,NA,NA,NA,NA,NA,NA,NA,NA,"inconnu","inconnu","inconnu",1,6,14,699,5,0
1663,"Gardien de But",4,"France","CFM - CENTRE DE FORMATION O. DE MARSEILLE - O.M.","PEM - PEM AIX EN PROVENCE",0,0,9,9,6.09,9,12.38,12.38,NA,15.29,11.9,11.9,0,17.31,2,"1","1","0",1,NA,1,90,1,0
1670,"Defenseur",2,"France","CFM - LOSC LILLE ASSOCIATION","aucun",0,0,12.5,11.78,11.42,11.78,NA,NA,11.42,11.42,11.42,12.5,5e-05,20.92,2,"1","0","1",1,NA,6,540,6,0
1672,"Milieu",9,"France","CFM - CENTRE DE FORMATION F.C. DES GIRONDINS DE BORDEAUX","PEM - PEM REIMS",0,0,NA,12.25,12.25,12.25,14.53,14.53,11.69,12.16,12.25,12.25,0.00071,16.14,3,"0","0","1",1,2,8,328,5,0
1703,"Attaquant",2,"France","CFM - CENTRE DE FORMATION F.C. DES GIRONDINS DE BORDEAUX","PEM - PEM CASTELMAUROU",0,0,NA,NA,NA,NA,NA,NA,NA,NA,NA,NA,0.00039,14.35,3,"0","1","1",1,NA,1,44,NA,0
1719,"Attaquant",2,"France","CFM - CENTRE DE FORMATION ANGERS S.C.O.","aucun",0,0,13.8,13.91,15.73,13.91,14.71,14.71,15.73,13.91,13.91,13.8,5e-04,20.54,2,"0","0","1",1,NA,2,57,1,0
1729,"Defenseur",6,"France","CFM - CENTRE DE FORMATION R.C. LENSOIS","PEM - PEM LIEVIN",1,0,NA,NA,NA,NA,NA,NA,NA,NA,NA,NA,NA,NA,NA,"inconnu","inconnu","inconnu",1,NA,7,347,4,0
1746,"Gardien de But",5,"France","aucun","aucun",0,0,NA,12.68,13.12,12.68,13.88,13.88,13.12,12.84,12.84,10.91,0,14.22,2,"0","0","1",1,NA,3,270,3,0
1762,"Milieu",8,"France","CFM - CENTRE DE FORMATION ST. RENNAIS F.C.","aucun",0,0,NA,NA,NA,NA,NA,NA,NA,NA,NA,NA,NA,NA,NA,"inconnu","inconnu","inconnu",1,NA,2,180,2,1
1776,"Defenseur",5,"France","CFM - LOSC LILLE ASSOCIATION","PEM - PEM CLAIREFONTAINE",0,0,NA,NA,NA,NA,NA,NA,NA,NA,NA,NA,0.00015,17.66,3,"1","1","0",1,NA,2,88,1,0
1782,"Attaquant",7,"France","CFM - CENTRE DE FORMATION O. DE LYON ET DU RHONE","aucun",0,0,16.84,14.6,14.24,14.6,15.24,15.24,14.24,14.6,14.6,15.57,0.00057,19.76,2,"1","0","0",1,NA,2,113,2,0
1786,"Gardien de But",2,"France","CFM - CENTRE DE FORMATION F.C. NANTES","PEM - PEM CLAIREFONTAINE",0,0,NA,18.43,18.43,18.43,16.96,16.96,18.43,18.43,18.43,NA,0,16.2,2,"0","1","1",1,NA,1,90,1,0
1798,"Defenseur",6,"France","CFM - CENTRE DE FORMATION ST. RENNAIS F.C.","PEM - PEM PLOUFRAGAN",1,0,NA,NA,NA,NA,NA,NA,NA,NA,NA,NA,NA,NA,NA,"inconnu","inconnu","inconnu",1,1,5,450,5,0
1804,"Defenseur",11,"France","CFM - CENTRE DE FORMATION A.C. AJACCIEN","aucun",0,0,13.28,13.37,14.62,13.37,13.59,13.59,13.46,12.48,12.48,11.12,8e-05,27.55,1,"0","1","0",1,NA,4,239,3,0
1808,"Milieu",1,"France","aucun","aucun",0,0,NA,NA,NA,NA,NA,NA,NA,NA,NA,NA,NA,NA,NA,"inconnu","inconnu","inconnu",1,NA,5,204,2,0
1819,"Defenseur",12,"Cameroun","CFM - CENTRE DE FORMATION F.C. SOCHAUX MONTBELIARD","aucun",2,0,NA,NA,NA,NA,NA,NA,NA,NA,NA,NA,NA,NA,NA,"inconnu","inconnu","inconnu",1,3,16,1316,14,0
1831,"Attaquant",4,"France","CFM - CENTRE DE FORMATION O. DE MARSEILLE - O.M.","aucun",0,0,15.53,14.32,14.83,14.32,14.42,14.42,13.82,13.51,13.51,13.79,0.00017,23.21,1,"1","0","0",1,NA,2,100,1,1
1857,"Milieu",1,"Maroc","CFM - CENTRE DE FORMATION F.C. DES GIRONDINS DE BORDEAUX","PEM - PEM CLAIREFONTAINE",1,0,NA,NA,NA,NA,NA,NA,NA,NA,NA,NA,NA,0,1,"0","0","1",1,2,6,321,3,0
1861,"Defenseur",3,"Martinique","aucun","aucun",0,0,18.36,18.36,18.36,18.36,18.36,18.36,NA,NA,NA,NA,0,42.1,1,"1","0","0",1,NA,1,90,1,0
1878,"Gardien de But",2,"France","aucun","aucun",1,0,NA,NA,NA,NA,NA,NA,NA,NA,NA,NA,NA,NA,NA,"inconnu","inconnu","inconnu",1,NA,7,581,7,0
1904,"Milieu",5,"France","CFM - CENTRE DE FORMATION A.J. AUXERROISE","aucun",1,0,NA,NA,NA,NA,NA,NA,NA,NA,NA,NA,NA,NA,NA,"inconnu","inconnu","inconnu",1,NA,4,201,3,0
1913,"Defenseur",3,"Cameroun","CFM - CENTRE DE FORMATION R.C. LENSOIS","PEM - PEM LIEVIN",0,0,NA,NA,NA,NA,NA,NA,NA,NA,NA,NA,0,67.64,1,"0","1","0",1,NA,7,464,5,0
1926,"Milieu",2,"France","CFM - CENTRE DE FORMATION ANGERS S.C.O.","aucun",0,0,NA,NA,NA,NA,NA,NA,NA,NA,NA,NA,0.00094,42.12,1,"0","0","1",1,NA,2,83,1,0
1947,"Defenseur",5,"Sénégal","CFM - ACADEMY AS MONACO FC","aucun",2,0,NA,NA,NA,NA,NA,NA,NA,NA,NA,NA,NA,NA,NA,"inconnu","inconnu","inconnu",1,NA,13,1074,12,1
1963,"Milieu",3,"France","CFM - CENTRE DE FORMATION O. DE LYON ET DU RHONE","aucun",0,0,17.11,16.07,15.45,16.07,16.37,16.37,14.04,15.65,15.65,18.39,0.00021,35.4,1,"1","0","0",1,NA,2,75,1,0
1964,"Defenseur",3,"France","CFM - ACADEMY AS MONACO FC","aucun",1,1,NA,18.34,18.34,18.34,18.67,18.67,18.34,18.34,18.34,NA,6e-05,27.33,3,"0","1","0",1,NA,5,275,3,1
1991,"Defenseur",2,"France","CFM - CENTRE DE FORMATION A.J. AUXERROISE","PEM - PEM CLAIREFONTAINE",0,0,NA,14.23,14.33,14.23,14.89,14.89,14.33,14.23,14.23,13.91,7e-05,27.92,2,"0","0","0",1,NA,3,146,2,0
1992,"Gardien de But",11,"France","CFM - CENTRE DE FORMATION F.C. METZ","aucun",0,0,NA,NA,NA,NA,NA,NA,NA,NA,NA,NA,NA,NA,NA,"inconnu","inconnu","inconnu",1,NA,4,360,4,1
2001,"Milieu",7,"France","CFM - CENTRE DE FORMATION LE HAVRE A.C.","aucun",0,0,NA,13.42,13.42,13.42,13.42,13.42,13.42,13.42,13.42,NA,2e-04,17.23,1,"0","1","0",1,NA,7,329,5,0
2026,"Milieu",3,"France","CFM - ACADEMY AS MONACO FC","PEM - PEM CLAIREFONTAINE",1,1,NA,17.17,17.17,17.17,15.74,15.74,17.17,17.17,17.17,NA,0.00051,34.7,2,"0","1","0",1,1,12,702,10,1
2027,"Defenseur",6,"France","CFM - ACADEMY AS MONACO FC","aucun",0,0,NA,NA,NA,NA,NA,NA,NA,NA,NA,NA,0.00012,13.59,3,"1","1","0",1,NA,8,575,7,0
2039,"Attaquant",3,"France","CFM - CENTRE DE FORMATION TOULOUSE FOOTBALL CLUB","aucun",0,0,NA,9.77,9.77,9.77,NA,NA,NA,9.77,9.77,9.77,0.00064,13.3,1,"0","1","0",1,4,8,366,4,0
2069,"Defenseur",4,"France","CFM - CENTRE DE FORMATION ANGERS S.C.O.","aucun",0,0,14.62,14.62,15.6,14.62,16.34,16.34,16.26,NA,NA,NA,0.00011,29.41,1,"1","0","0",1,NA,1,90,1,0
2074,"Milieu",5,"France","CFM - CENTRE DE FORMATION AS NANCY LORRAINE","PEM - PEM NANCY",0,0,NA,NA,NA,NA,NA,NA,NA,NA,NA,NA,NA,NA,NA,"inconnu","inconnu","inconnu",1,NA,4,175,2,0
2079,"Defenseur",7,"Mauritanie","aucun","aucun",0,0,NA,NA,NA,NA,NA,NA,NA,NA,NA,NA,NA,NA,NA,"inconnu","inconnu","inconnu",1,NA,6,522,6,0
2115,"Attaquant",3,"Cote d'ivoire","CFM - CENTRE DE FORMATION A.S. ST ETIENNE","PEM - PEM REIMS",0,0,NA,NA,NA,NA,NA,NA,NA,NA,NA,NA,NA,NA,NA,"inconnu","inconnu","inconnu",1,NA,2,180,2,1
2118,"Attaquant",10,"France","CFM - CENTRE DE FORMATION ST DE REIMS","aucun",0,0,NA,NA,NA,NA,NA,NA,NA,NA,NA,NA,NA,NA,NA,"inconnu","inconnu","inconnu",1,3,11,582,7,0
2133,"Attaquant",1,"France","aucun","aucun",0,0,13.5,14.43,14.71,14.43,14.71,14.71,14.89,14.52,14.52,13.02,0.00224,33.26,1,"1","0","0",1,1,3,122,1,1
2160,"Attaquant",1,"France","CFM - CENTRE DE FORMATION F.C. SOCHAUX MONTBELIARD","PEM - PEM CLAIREFONTAINE",0,0,11.88,10.01,6.3,10.01,8.69,8.69,6.3,10.01,10.01,12.97,0.00131,22.5,2,"0","0","1",1,2,6,240,3,0
2186,"Attaquant",7,"France","aucun","aucun",0,0,NA,NA,NA,NA,NA,NA,NA,NA,NA,NA,0.00088,15.75,2,"1","0","0",1,3,14,731,8,0
2194,"Gardien de But",6,"Congo","CFM - CENTRE DE FORMATION MONTPELLIER HERAULT SP.C.","aucun",1,0,NA,NA,NA,NA,NA,NA,NA,NA,NA,NA,NA,NA,NA,"inconnu","inconnu","inconnu",1,NA,1,90,1,1
2197,"Milieu",4,"France","aucun","aucun",0,0,12.88,12.88,13.88,12.88,13.88,13.88,NA,11.87,11.87,11.87,0,25.44,2,"0","0","1",1,NA,2,56,1,0
2231,"Defenseur",10,"France","CFM - CENTRE DE FORMATION VALENCIENNES F.C.","aucun",0,0,NA,NA,NA,NA,NA,NA,NA,NA,NA,NA,NA,NA,NA,"inconnu","inconnu","inconnu",1,NA,3,270,3,1
2240,"Milieu",9,"France","aucun","PEM - PEM SAINT-SEBASTIEN SUR LOIRE",0,0,NA,NA,NA,NA,NA,NA,NA,NA,NA,NA,NA,NA,NA,"inconnu","inconnu","inconnu",1,NA,3,181,2,0
2241,"Milieu",6,"France","CFM - CENTRE DE FORMATION A.J. AUXERROISE","PEM - PEM GUADELOUPE",0,0,14.85,15.31,16.24,15.31,NA,NA,NA,14.85,14.85,14.85,0.00053,43.25,1,"0","0","0",1,2,5,252,3,0
2248,"Milieu",8,"France","CFM - CENTRE DE FORMATION F.C. DES GIRONDINS DE BORDEAUX","aucun",1,0,NA,NA,NA,NA,NA,NA,NA,NA,NA,NA,NA,NA,NA,"inconnu","inconnu","inconnu",1,NA,2,131,2,0
2249,"Defenseur",1,"France","CFM - CENTRE DE FORMATION F.C. NANTES","PEM - PEM CLAIREFONTAINE",1,0,NA,11.52,14.27,11.52,15,15,14.27,11.51,11.52,8.76,4e-04,27.71,2,"0","1","1",1,NA,8,417,4,0
2260,"Attaquant",2,"France","CFM - ACADEMY AS MONACO FC","PEM - PEM AIX EN PROVENCE",0,0,NA,NA,NA,NA,NA,NA,NA,NA,NA,NA,0,15.65,2,"0","1","1",1,NA,6,322,3,0
2269,"Milieu",3,"France","CFM - CENTRE DE FORMATION O. DE MARSEILLE - O.M.","aucun",0,0,14.46,14.92,15.3,14.92,15.48,15.48,15.3,15.61,15.61,14.46,8e-05,14.65,1,"1","0","0",1,NA,5,319,3,0
2309,"Defenseur",7,"France","CFM - CENTRE DE FORMATION LE HAVRE A.C.","aucun",1,0,NA,NA,NA,NA,NA,NA,NA,NA,NA,NA,NA,NA,NA,"inconnu","inconnu","inconnu",1,1,15,1194,14,1
2321,"Attaquant",4,"France","CFM - CENTRE DE FORMATION F.C. DES GIRONDINS DE BORDEAUX","aucun",0,0,NA,12.26,12.26,12.26,12.26,12.26,12.26,12.26,12.26,NA,0.00108,35.18,1,"0","0","1",1,NA,6,247,2,0
2341,"Defenseur",9,"France","CFM - CENTRE DE FORMATION A.C. AJACCIEN","PEM - PEM AJACCIO",0,0,12.77,12.83,12.92,12.83,12.77,12.77,12.92,12.83,12.83,12.77,7e-05,20.68,1,"1","0","0",1,1,1,60,1,0
2348,"Defenseur",8,"France","CFM - CENTRE DE FORMATION ST. BRESTOIS 29","aucun",0,0,11.78,10.93,11.56,10.93,10.93,10.93,11.56,10.93,10.93,11.78,0.00048,25.87,1,"1","0","0",1,NA,2,66,1,0
2350,"Defenseur",1,"France","CFM - CENTRE DE FORMATION TOULOUSE FOOTBALL CLUB","aucun",0,0,NA,NA,NA,NA,NA,NA,NA,NA,NA,NA,NA,NA,NA,"inconnu","inconnu","inconnu",1,NA,4,300,3,1
2352,"Milieu",7,"France","CFM - CENTRE DE FORMATION O.G.C. NICE COTE D'AZUR","aucun",0,0,NA,NA,NA,NA,NA,NA,NA,NA,NA,NA,0.00031,15.1,3,"1","1","0",1,NA,6,284,3,0
2368,"Milieu",2,"France","CFM - CENTRE DE FORMATION O. DE LYON ET DU RHONE","aucun",1,0,NA,15.64,15.64,15.64,14.82,14.82,15.64,15.64,15.64,NA,0.00087,76.8,2,"1","0","0",1,3,12,903,9,1
2386,"Milieu",2,"France","aucun","aucun",1,0,NA,NA,NA,NA,NA,NA,NA,NA,NA,NA,NA,0,1,"1","0","0",1,NA,6,368,5,1
2412,"Defenseur",7,"France","CFM - LOSC LILLE ASSOCIATION","aucun",1,0,NA,NA,NA,NA,NA,NA,NA,NA,NA,NA,NA,NA,NA,"inconnu","inconnu","inconnu",1,NA,7,354,3,0
2424,"Gardien de But",3,"France","CFM - CENTRE DE FORMATION A.S. ST ETIENNE","aucun",1,0,NA,NA,NA,NA,NA,NA,NA,NA,NA,NA,NA,NA,NA,"inconnu","inconnu","inconnu",1,NA,7,630,7,0
2432,"Defenseur",2,"France","CFM - CENTRE DE FORMATION F.C. DES GIRONDINS DE BORDEAUX","aucun",1,0,NA,NA,NA,NA,NA,NA,NA,NA,NA,NA,NA,NA,NA,"inconnu","inconnu","inconnu",1,NA,12,942,11,0
2438,"Defenseur",2,"France","aucun","aucun",0,0,NA,NA,NA,NA,NA,NA,NA,NA,NA,NA,NA,NA,NA,"inconnu","inconnu","inconnu",1,NA,1,90,1,1
2439,"Milieu",9,"France","CFM - LOSC LILLE ASSOCIATION","aucun",0,0,6.63,16.67,16.67,16.67,16.19,16.19,16.67,14.66,14.66,NA,0.00044,18.76,2,"1","0","0",1,NA,2,90,1,0
2442,"Attaquant",1,"Madagascar","aucun","aucun",0,0,NA,NA,NA,NA,NA,NA,NA,NA,NA,NA,NA,NA,NA,"inconnu","inconnu","inconnu",1,NA,4,111,2,0
2444,"Defenseur",1,"France","CFM - CENTRE DE FORMATION TOULOUSE FOOTBALL CLUB","aucun",1,0,18.68,16.92,15.17,16.92,16.51,16.51,15.17,16.92,16.92,18.68,0.00037,42.38,1,"0","1","0",1,NA,8,322,3,1
2465,"Gardien de But",3,"Tunisie","CFM - CENTRE DE FORMATION O.G.C. NICE COTE D'AZUR","aucun",0,0,NA,NA,NA,NA,NA,NA,NA,NA,NA,NA,NA,NA,NA,"inconnu","inconnu","inconnu",1,NA,2,180,2,1
2479,"Milieu",8,"France","CFM - CENTRE DE FORMATION F.C. DES GIRONDINS DE BORDEAUX","aucun",0,0,NA,13.74,13.93,13.74,13.49,13.49,13.93,13.74,13.74,13.02,0.00013,16.8,4,"0","1","1",1,NA,6,308,3,0
2491,"Milieu",3,"France","CFM - LOSC LILLE ASSOCIATION","aucun",1,0,NA,13.55,13.55,13.55,NA,NA,13.55,13.55,13.55,NA,0,83.3,1,"1","0","0",1,NA,5,181,2,0
2500,"Milieu",5,"France","CFM - CENTRE DE FORMATION ST. RENNAIS F.C.","aucun",0,0,NA,10.32,10.32,10.32,NA,NA,10.32,10.32,10.32,NA,0,34.93,1,"1","0","0",1,NA,10,508,5,0
2501,"Gardien de But",4,"France","CFM - CENTRE DE FORMATION F.C. METZ","aucun",0,0,NA,NA,NA,NA,NA,NA,NA,NA,NA,NA,0,90,1,"0","0","1",1,NA,1,90,1,0
2504,"Defenseur",9,"France","CFM - CENTRE DE FORMATION R.C. LENSOIS","aucun",0,0,NA,NA,NA,NA,NA,NA,NA,NA,NA,NA,0.00013,17.66,3,"1","1","1",1,NA,1,58,1,0
2512,"Gardien de But",5,"France","CFM - CENTRE DE FORMATION O. DE LYON ET DU RHONE","aucun",2,0,NA,NA,NA,NA,NA,NA,NA,NA,NA,NA,NA,NA,NA,"inconnu","inconnu","inconnu",1,NA,7,579,6,0
2527,"Milieu",3,"France","aucun","aucun",0,0,NA,17.79,17.24,17.79,18.42,18.42,17.24,17.24,17.24,20,2e-04,23.45,1,"1","0","0",1,NA,2,89,1,0
2532,"Defenseur",3,"France","CFM - CENTRE DE FORMATION EN AVANT GUINGAMP","aucun",0,0,13.63,11.21,8.19,11.21,9.01,9.01,8.19,11.21,11.21,13.63,0.00013,20.5,2,"0","0","0",1,NA,5,268,3,0
2539,"Attaquant",5,"France","CFM - CENTRE DE FORMATION LE HAVRE A.C.","aucun",0,0,NA,14.2,11.78,14.2,17.82,17.82,11.78,11.78,11.78,17.82,7e-04,18.28,2,"0","1","1",1,1,3,174,2,0
2566,"Gardien de But",2,"France","aucun","aucun",1,0,NA,13.83,13.83,13.83,14.38,14.38,13.83,13.83,13.83,NA,0,75.6,1,"0","0","1",1,NA,3,270,3,0
2576,"Defenseur",9,"Cameroun","CFM - CENTRE DE FORMATION MONTPELLIER HERAULT SP.C.","aucun",0,0,11.81,11.81,NA,11.81,NA,NA,NA,11.81,11.81,11.81,3e-05,16.99,1,"0","0","0",1,NA,2,180,2,0
2584,"Attaquant",8,"France","CFM - CENTRE DE FORMATION TOULOUSE FOOTBALL CLUB","aucun",1,0,20,17.14,16.42,17.14,15.95,15.95,16.42,16.42,16.42,20,0.0022,60.73,1,"0","1","0",1,3,8,410,5,0
2591,"Milieu",1,"France","CFM - LOSC LILLE ASSOCIATION","aucun",1,0,NA,15.09,15.09,15.09,NA,NA,15.09,15.09,15.09,NA,0,76.85,1,"1","0","0",1,NA,11,537,6,0
2593,"Defenseur",3,"France","CFM - CENTRE DE FORMATION ST. RENNAIS F.C.","aucun",0,0,NA,NA,NA,NA,NA,NA,NA,NA,NA,NA,0,38.92,1,"1","0","0",1,NA,2,114,1,0
2595,"Defenseur",8,"Cap-Vert","CFM - CENTRE DE FORMATION ST. RENNAIS F.C.","aucun",0,0,NA,NA,NA,NA,NA,NA,NA,NA,NA,NA,NA,NA,NA,"inconnu","inconnu","inconnu",1,NA,1,90,1,1
2605,"Defenseur",7,"France","CFM - CENTRE DE FORMATION F.C. DES GIRONDINS DE BORDEAUX","aucun",0,0,NA,NA,NA,NA,NA,NA,NA,NA,NA,NA,7e-05,15.92,1,"0","0","1",1,NA,4,230,2,0
2616,"Defenseur",4,"Comores","CFM - CENTRE DE FORMATION O. DE MARSEILLE - O.M.","aucun",0,0,18.44,18.44,18.44,18.44,18.44,18.44,NA,NA,NA,NA,0,26.76,1,"1","0","0",1,NA,3,174,2,0
2618,"Defenseur",3,"France","CFM - CENTRE DE FORMATION F.C. SOCHAUX MONTBELIARD","PEM - PEM CLAIREFONTAINE",0,0,13.6,15.31,15.59,15.31,14.99,14.99,15.59,14.92,14.92,14.89,0.00021,21.75,3,"0","0","1",1,NA,1,90,1,0
2651,"Defenseur",2,"France","CFM - CENTRE DE FORMATION PARIS F.C.","aucun",0,0,NA,NA,NA,NA,NA,NA,NA,NA,NA,NA,1e-04,17.07,2,"1","0","0",1,NA,3,233,2,0
2671,"Defenseur",6,"France","CFM - CENTRE DE FORMATION O.G.C. NICE COTE D'AZUR","aucun",0,0,NA,14.42,13.92,14.42,14.42,14.42,13.92,14.42,14.42,15.08,0.00019,18.98,3,"0","1","1",1,NA,6,434,5,0
2672,"Defenseur",9,"France","aucun","aucun",0,0,NA,NA,NA,NA,NA,NA,NA,NA,NA,NA,NA,0,1,"1","0","0",1,NA,4,192,2,0
2695,"Defenseur",3,"France","CFM - CENTRE DE FORMATION TOULOUSE FOOTBALL CLUB","PEM - PEM CASTELMAUROU",0,0,NA,NA,NA,NA,NA,NA,NA,NA,NA,NA,NA,NA,NA,"inconnu","inconnu","inconnu",1,NA,11,744,7,0
2711,"Gardien de But",7,"France","aucun","aucun",3,0,NA,NA,NA,NA,NA,NA,NA,NA,NA,NA,NA,NA,NA,"inconnu","inconnu","inconnu",1,NA,10,900,10,1
2715,"Attaquant",11,"France","aucun","aucun",0,0,NA,NA,NA,NA,NA,NA,NA,NA,NA,NA,NA,NA,NA,"inconnu","inconnu","inconnu",1,1,1,49,NA,0
2716,"Attaquant",4,"France","CFM - CENTRE DE FORMATION ST. RENNAIS F.C.","PEM - PEM PLOUFRAGAN",0,0,13.88,14.54,14.79,14.54,14.54,14.54,14.79,14.54,14.54,13.88,0.00161,22.21,2,"1","0","1",1,12,17,1026,10,1
2718,"Milieu",7,"France","aucun","aucun",0,0,11.48,14.82,16.49,14.82,16.49,16.49,16.49,14.82,14.82,11.48,0.00042,32.82,1,"1","0","0",1,1,10,454,6,0
2728,"Attaquant",9,"France","CFM - CENTRE DE FORMATION ST. LAVALLOIS F.C.","aucun",0,0,NA,NA,NA,NA,10,10,NA,NA,NA,NA,0.00202,24.16,2,"1","1","0",1,NA,1,41,1,0
2737,"Gardien de But",5,"France","CFM - CENTRE DE FORMATION F.C. NANTES","PEM - PEM PLOUFRAGAN",0,0,NA,NA,NA,NA,NA,NA,NA,NA,NA,NA,0,17.3,2,"0","1","1",1,NA,1,90,1,0
2747,"Defenseur",5,"France","aucun","aucun",0,0,NA,NA,NA,NA,NA,NA,NA,NA,NA,NA,0,90,1,"0","0","1",1,NA,7,358,4,0
2748,"Defenseur",11,"France","CFM - CENTRE DE FORMATION O. DE MARSEILLE - O.M.","aucun",0,0,NA,NA,NA,NA,NA,NA,NA,NA,NA,NA,NA,NA,NA,"inconnu","inconnu","inconnu",1,NA,1,46,1,0
2769,"Milieu",4,"France","CFM - CENTRE DE FORMATION A.S. ST ETIENNE","aucun",0,0,17.61,16.33,15.21,16.33,16.33,16.33,14.48,15.81,15.81,18.34,0.00062,38.11,1,"0","0","1",1,NA,5,173,2,0
2775,"Defenseur",3,"France","CFM - CENTRE DE FORMATION ANGERS S.C.O.","aucun",0,0,NA,16.42,17.74,16.42,14.91,14.91,15.72,14.1,14.1,NA,8e-05,22.58,2,"1","0","1",1,NA,2,134,1,0
2780,"Milieu",5,"France","CFM - CENTRE DE FORMATION F.C. NANTES","PEM - PEM SAINT-SEBASTIEN SUR LOIRE",0,0,15.75,15.19,15.41,15.19,15.39,15.39,14.63,14.76,14.76,14.83,0.00041,27.16,1,"0","1","0",1,NA,3,115,1,1
2783,"Gardien de But",2,"France","CFM - CENTRE DE FORMATION DIJON FOOTBALL CÔTE D'OR","PEM - PEM DIJON",0,0,16.67,16.5,16.81,16.5,15.69,15.69,16.81,16.5,16.5,16.09,0,26.1,2,"0","0","1",1,NA,4,360,4,0
2795,"Defenseur",10,"France","aucun","PEM - PEM CASTELMAUROU",0,0,13.94,13,12.31,13,13.47,13.47,11.9,12.9,12.9,14.1,0.00011,25.87,2,"0","1","1",1,NA,1,90,1,0
2809,"Defenseur",5,"France","CFM - CENTRE DE FORMATION F.C. SOCHAUX MONTBELIARD","aucun",0,0,NA,NA,NA,NA,NA,NA,NA,NA,NA,NA,NA,NA,NA,"inconnu","inconnu","inconnu",1,2,12,815,8,1
2824,"Attaquant",11,"France","aucun","PEM - PEM CLAIREFONTAINE",1,0,NA,NA,NA,NA,NA,NA,NA,NA,NA,NA,NA,NA,NA,"inconnu","inconnu","inconnu",1,NA,3,118,1,1
2827,"Defenseur",10,"France","CFM - LOSC LILLE ASSOCIATION","aucun",1,0,NA,NA,NA,NA,NA,NA,NA,NA,NA,NA,NA,NA,NA,"inconnu","inconnu","inconnu",1,NA,7,439,6,0
2837,"Milieu",3,"France","aucun","aucun",0,0,NA,NA,NA,NA,NA,NA,NA,NA,NA,NA,0.00045,14.19,1,"1","0","0",1,NA,2,154,2,1
2851,"Gardien de But",4,"France","CFM - CENTRE DE FORMATION F.C. METZ","aucun",1,0,NA,16.48,15.35,16.48,16.48,16.48,15.35,16.48,16.48,19.12,0,36.41,1,"0","0","1",1,NA,7,600,7,1
2890,"Milieu",1,"France","CFM - CENTRE DE FORMATION F.C. SOCHAUX MONTBELIARD","aucun",0,0,NA,NA,NA,NA,NA,NA,NA,NA,NA,NA,NA,NA,NA,"inconnu","inconnu","inconnu",1,NA,8,444,4,0
2893,"Defenseur",1,"France","CFM - CENTRE DE FORMATION AMIENS SP.C. PICARDIE","aucun",0,0,13.85,13.54,14.48,13.54,14.59,14.59,14.48,13.54,13.54,12.27,3e-05,21.32,2,"0","0","1",1,NA,10,527,6,0
2896,"Attaquant",9,"France","CFM - CENTRE DE FORMATION R.C. LENSOIS","PEM - PEM LIEVIN",0,0,11.81,14.26,15.08,14.26,16.06,16.06,15.08,14.26,14.26,11.81,0.00014,12.84,2,"0","1","1",1,NA,2,110,1,0
2923,"Attaquant",3,"Guadeloupe","CFM - CENTRE DE FORMATION ST. MALHERBE CAEN-CALV.B.NORM.","aucun",1,0,NA,NA,NA,NA,NA,NA,NA,NA,NA,NA,NA,NA,NA,"inconnu","inconnu","inconnu",1,6,11,630,7,1
2924,"Attaquant",1,"France","CFM - CENTRE DE FORMATION O. DE LYON ET DU RHONE","PEM - PEM REIMS",0,0,NA,14.33,14.33,14.33,14.33,14.33,14.33,14.33,14.33,NA,0.00016,16.68,2,"1","0","1",1,2,5,279,3,0
2935,"Defenseur",6,"France","aucun","aucun",2,0,NA,16.22,16.22,16.22,15.98,15.98,16.22,16.22,16.22,NA,0.00012,42.68,1,"1","0","0",1,NA,9,555,5,0
2938,"Milieu",1,"France","CFM - CENTRE DE FORMATION F.C. SOCHAUX MONTBELIARD","aucun",1,0,NA,NA,NA,NA,NA,NA,NA,NA,NA,NA,NA,NA,NA,"inconnu","inconnu","inconnu",1,NA,3,116,2,0
2943,"Milieu",9,"Algérie","CFM - CENTRE DE FORMATION O. DE LYON ET DU RHONE","aucun",0,0,NA,NA,NA,NA,NA,NA,NA,NA,NA,NA,NA,NA,NA,"inconnu","inconnu","inconnu",1,NA,3,189,1,1
2944,"Milieu",9,"France","CFM - CENTRE DE FORMATION DIJON FOOTBALL CÔTE D'OR","aucun",0,0,14.96,15.89,16.93,15.89,16.08,16.08,16.93,15.89,15.89,15.09,1e-04,15.54,2,"0","0","0",1,NA,3,176,2,0
2945,"Attaquant",2,"France","CFM - CENTRE DE FORMATION AS NANCY LORRAINE","aucun",0,0,NA,NA,NA,NA,NA,NA,NA,NA,NA,NA,0.00064,18.36,3,"0","0","1",1,NA,5,210,3,0
2950,"Milieu",7,"France","CFM - CENTRE DE FORMATION NIMES OLYMPIQUE","aucun",0,0,20,20,20,20,NA,NA,NA,NA,NA,NA,NA,NA,NA,"inconnu","inconnu","inconnu",1,NA,4,218,2,0
2969,"Milieu",4,"France","CFM - CENTRE DE FORMATION MONTPELLIER HERAULT SP.C.","aucun",0,0,NA,NA,NA,NA,NA,NA,NA,NA,NA,NA,NA,NA,NA,"inconnu","inconnu","inconnu",1,NA,2,89,1,0
2977,"Gardien de But",9,"France","CFM - CENTRE DE FORMATION R.C. LENSOIS","aucun",1,0,NA,NA,NA,NA,NA,NA,NA,NA,NA,NA,0,33.16,1,"0","1","0",1,NA,5,409,4,0
2990,"Defenseur",4,"France","CFM - CENTRE DE FORMATION F.C. NANTES","aucun",1,0,NA,NA,NA,NA,NA,NA,NA,NA,NA,NA,NA,NA,NA,"inconnu","inconnu","inconnu",1,1,16,1020,13,0
2993,"Defenseur",5,"France","CFM - CENTRE DE FORMATION ST. RENNAIS F.C.","aucun",0,0,NA,NA,NA,NA,NA,NA,NA,NA,NA,NA,3e-05,16.12,1,"1","0","0",1,1,1,90,1,0
2997,"Milieu",1,"France","CFM - CENTRE DE FORMATION F.C. NANTES","aucun",1,0,NA,10.8,10.8,10.8,NA,NA,10.8,10.8,10.8,NA,0,71.55,1,"0","1","0",1,NA,10,794,9,0
2999,"Attaquant",1,"France","CFM - CENTRE DE FORMATION A.J. AUXERROISE","PEM - PEM CLAIREFONTAINE",0,0,NA,NA,NA,NA,NA,NA,NA,NA,NA,NA,NA,NA,NA,"inconnu","inconnu","inconnu",1,2,2,76,1,0
3011,"Milieu",7,"France","aucun","aucun",0,0,NA,12.57,12.57,12.57,NA,NA,12.57,12.57,12.57,NA,0.00098,73.07,1,"1","0","0",1,4,10,578,8,0
3023,"Defenseur",1,"France","aucun","PEM - PEM PLOUFRAGAN",1,0,NA,9.62,9.62,9.62,12.25,12.25,9.62,9.62,9.62,NA,3e-04,38.84,1,"0","0","0",1,NA,3,194,2,0
3035,"Defenseur",1,"Bénin","CFM - CENTRE DE FORMATION ST. RENNAIS F.C.","aucun",0,0,NA,NA,NA,NA,NA,NA,NA,NA,NA,NA,NA,NA,NA,"inconnu","inconnu","inconnu",1,NA,2,112,1,1
3050,"Milieu",6,"France","CFM - CENTRE DE FORMATION ST. MALHERBE CAEN-CALV.B.NORM.","aucun",0,0,NA,NA,NA,NA,NA,NA,NA,NA,NA,NA,NA,NA,NA,"inconnu","inconnu","inconnu",1,1,7,479,5,1
3086,"Attaquant",3,"France","CFM - CENTRE DE FORMATION EN AVANT GUINGAMP","PEM - PEM SAINT-SEBASTIEN SUR LOIRE",0,0,NA,NA,NA,NA,NA,NA,NA,NA,NA,NA,NA,NA,NA,"inconnu","inconnu","inconnu",1,2,6,289,4,0
3102,"Milieu",2,"Comores","CFM - CENTRE DE FORMATION O.G.C. NICE COTE D'AZUR","PEM - PEM AIX EN PROVENCE",0,0,14.61,11.84,9.48,11.84,11.84,11.84,9.48,11.84,11.84,13.41,0,25.65,2,"0","1","0",1,NA,3,199,2,0
3117,"Attaquant",7,"France","CFM - CENTRE DE FORMATION O.G.C. NICE COTE D'AZUR","aucun",0,0,NA,NA,NA,NA,NA,NA,NA,NA,NA,NA,0.00049,37.89,1,"0","1","0",1,3,4,107,1,0
3135,"Milieu",1,"France","CFM - CENTRE DE FORMATION F.C. NANTES","PEM - PEM SAINT-SEBASTIEN SUR LOIRE",0,0,NA,NA,NA,NA,NA,NA,NA,NA,NA,NA,NA,NA,NA,"inconnu","inconnu","inconnu",1,NA,7,397,5,0
3139,"Defenseur",2,"Togo","CFM - CENTRE DE FORMATION TOULOUSE FOOTBALL CLUB","aucun",0,0,NA,NA,NA,NA,NA,NA,NA,NA,NA,NA,NA,NA,NA,"inconnu","inconnu","inconnu",1,1,8,537,7,0
3141,"Milieu",2,"France","aucun","aucun",2,0,NA,NA,NA,NA,NA,NA,NA,NA,NA,NA,NA,NA,NA,"inconnu","inconnu","inconnu",1,5,16,1005,13,0
3152,"Attaquant",3,"France","aucun","aucun",0,0,NA,NA,NA,NA,NA,NA,NA,NA,NA,NA,NA,NA,NA,"inconnu","inconnu","inconnu",1,NA,NA,0,NA,0
3156,"Attaquant",1,"France","CFM - CENTRE DE FORMATION ST. RENNAIS F.C.","PEM - PEM PLOUFRAGAN",1,0,NA,14.3,14.3,14.3,NA,NA,14.3,14.3,14.3,NA,0,66.95,1,"1","0","0",1,5,16,981,11,0
3164,"Milieu",6,"France","CFM - CENTRE DE FORMATION O.G.C. NICE COTE D'AZUR","PEM - PEM AIX EN PROVENCE",0,0,15.14,13.83,13.03,13.83,13.83,13.83,13.03,13.83,13.83,14.91,7e-05,23.4,1,"0","1","0",1,NA,5,301,3,0
3171,"Defenseur",4,"France","CFM - CENTRE DE FORMATION LE HAVRE A.C.","aucun",0,0,NA,NA,NA,NA,NA,NA,NA,NA,NA,NA,0,19.39,2,"0","1","0",1,NA,2,111,1,0
3178,"Defenseur",8,"France","CFM - CENTRE DE FORMATION MONTPELLIER HERAULT SP.C.","PEM - PEM AIX EN PROVENCE",0,0,15.23,13.64,12.32,13.64,14.37,14.37,12.32,13.43,13.43,15.23,4e-05,16.04,2,"1","0","0",1,NA,3,125,1,0
3226,"Defenseur",6,"France","aucun","aucun",0,0,9.46,13.86,14.96,13.86,14.96,14.96,14.96,13.86,13.86,9.46,0,26.65,1,"1","0","0",1,4,11,841,8,1
3236,"Attaquant",5,"France","CFM - CENTRE DE FORMATION TOULOUSE FOOTBALL CLUB","aucun",1,0,NA,NA,NA,NA,NA,NA,NA,NA,NA,NA,NA,NA,NA,"inconnu","inconnu","inconnu",1,4,8,437,4,0
3280,"Attaquant",6,"France","CFM - CENTRE DE FORMATION ST DE REIMS","PEM - PEM GUADELOUPE",0,0,NA,NA,NA,NA,NA,NA,NA,NA,NA,NA,0.00049,17.3,2,"0","0","1",1,NA,8,359,4,0
3281,"Defenseur",3,"France","CFM - CENTRE DE FORMATION F.C. METZ","aucun",1,0,NA,16.7,16.7,16.7,NA,NA,16.7,16.7,16.7,NA,0.00026,45,1,"0","0","1",1,NA,12,790,9,0
3283,"Defenseur",3,"France","aucun","aucun",0,0,NA,NA,NA,NA,NA,NA,NA,NA,NA,NA,NA,NA,NA,"inconnu","inconnu","inconnu",1,NA,2,87,1,0
3296,"Defenseur",8,"France","CFM - CENTRE DE FORMATION NIMES OLYMPIQUE","aucun",0,0,NA,16.82,16.82,16.82,NA,NA,16.82,16.82,16.82,NA,0,75.17,1,"0","0","0",1,NA,1,90,1,0
3321,"Milieu",2,"France","CFM - CENTRE DE FORMATION O. DE LYON ET DU RHONE","PEM - PEM DIJON",0,0,NA,NA,NA,NA,NA,NA,NA,NA,NA,NA,NA,NA,NA,"inconnu","inconnu","inconnu",1,NA,11,560,8,0
3335,"Milieu",11,"France","aucun","aucun",0,0,14.39,14.31,14.27,14.31,14.31,14.31,14.27,14.31,14.31,14.39,5e-04,24.6,1,"0","0","1",1,NA,2,49,NA,0
3350,"Defenseur",1,"France","CFM - CENTRE DE FORMATION R.C. LENSOIS","aucun",0,0,NA,18.29,18.29,18.29,18.65,18.65,18.29,18.29,18.29,NA,0,42.26,1,"0","1","0",1,NA,5,210,2,0
3363,"Milieu",7,"Cameroun","CFM - CENTRE DE FORMATION F.C. METZ","aucun",0,0,NA,NA,NA,NA,NA,NA,NA,NA,NA,NA,NA,NA,NA,"inconnu","inconnu","inconnu",1,NA,6,291,4,0
3403,"Milieu",2,"France","CFM - CENTRE DE FORMATION A.S. ST ETIENNE","aucun",0,0,NA,NA,NA,NA,NA,NA,NA,NA,NA,NA,NA,NA,NA,"inconnu","inconnu","inconnu",1,1,6,318,3,0
3415,"Defenseur",1,"France","CFM - CENTRE DE FORMATION A.S. ST ETIENNE","aucun",0,0,NA,NA,NA,NA,11.67,11.67,10,NA,NA,NA,0.00022,26.59,1,"0","0","1",1,NA,1,90,1,0
3417,"Gardien de But",1,"France","CFM - CENTRE DE FORMATION A.J. AUXERROISE","aucun",0,0,NA,4.35,4.35,4.35,NA,NA,4.35,4.35,4.35,NA,0,49.29,1,"0","0","0",1,NA,2,126,1,0
3423,"Milieu",6,"France","CFM - CENTRE DE FORMATION CLERMONT FOOT 63","aucun",0,0,NA,8.34,10.21,8.34,NA,NA,10.21,8.34,8.34,NA,0.00012,18.33,4,"0","0","1",1,NA,2,27,NA,0
3445,"Milieu",5,"France","CFM - CENTRE DE FORMATION AS NANCY LORRAINE","PEM - PEM NANCY",1,0,NA,17.65,17.65,17.65,NA,NA,17.65,17.65,17.65,NA,0.00026,45.95,1,"0","0","0",1,NA,10,709,8,0
3446,"Defenseur",12,"France","aucun","aucun",0,0,18.13,14.32,11.47,14.32,14.41,14.41,11.47,14.32,14.32,18.13,0.00014,29.38,2,"0","0","0",1,NA,2,91,1,0
3447,"Defenseur",4,"France","CFM - CENTRE DE FORMATION ST. BRESTOIS 29","PEM - PEM PLOUFRAGAN",1,0,NA,NA,NA,NA,NA,NA,NA,NA,NA,NA,NA,NA,NA,"inconnu","inconnu","inconnu",1,NA,8,409,5,0
3458,"Attaquant",2,"France","CFM - CENTRE DE FORMATION ST. BRESTOIS 29","aucun",0,0,NA,15,15,15,15,15,15,15.04,15.04,NA,4e-04,19.76,3,"1","0","1",1,NA,2,66,1,0
3499,"Attaquant",7,"France","CFM - CENTRE DE FORMATION ST. MALHERBE CAEN-CALV.B.NORM.","aucun",0,0,NA,NA,NA,NA,NA,NA,NA,NA,NA,NA,NA,NA,NA,"inconnu","inconnu","inconnu",1,3,8,469,5,1
3503,"Attaquant",1,"France","CFM - CENTRE DE FORMATION O.G.C. NICE COTE D'AZUR","aucun",0,0,NA,NA,NA,NA,NA,NA,NA,NA,NA,NA,0.00155,34.2,1,"0","1","0",1,4,6,292,4,0
3511,"Milieu",7,"France","aucun","aucun",1,0,NA,13.17,13.17,13.17,NA,NA,13.17,13.17,13.17,NA,0.00055,75.79,1,"1","0","0",1,NA,13,759,7,0
3536,"Milieu",3,"France","CFM - CENTRE DE FORMATION A.J. AUXERROISE","aucun",0,0,NA,NA,NA,NA,NA,NA,NA,NA,NA,NA,NA,NA,NA,"inconnu","inconnu","inconnu",1,NA,5,310,3,0
3554,"Attaquant",6,"France","CFM - ACADEMY AS MONACO FC","PEM - PEM AIX EN PROVENCE",1,0,NA,NA,NA,NA,NA,NA,NA,NA,NA,NA,NA,NA,NA,"inconnu","inconnu","inconnu",1,1,8,420,5,0
3563,"Milieu",5,"France","aucun","aucun",1,0,NA,NA,NA,NA,NA,NA,NA,NA,NA,NA,NA,0,1,"1","0","0",1,7,9,591,6,1
3582,"Milieu",1,"France","CFM - CENTRE DE FORMATION F.C. NANTES","PEM - PEM CLAIREFONTAINE",0,1,11.01,13.75,14.43,13.75,14.43,14.43,14.43,13.75,13.75,11.01,0.00044,15,3,"1","1","0",1,1,13,968,11,0
3596,"Milieu",6,"France","CFM - CENTRE DE FORMATION A.S. ST ETIENNE","aucun",0,0,NA,NA,NA,NA,NA,NA,NA,NA,NA,NA,NA,NA,NA,"inconnu","inconnu","inconnu",1,3,11,626,6,0
3599,"Defenseur",2,"France","aucun","PEM - PEM LIEVIN",0,0,16.55,13.52,11.56,13.52,13.52,13.52,11.56,13.52,13.52,16.12,0,26.08,2,"0","1","0",1,1,4,168,1,0
3614,"Defenseur",5,"France","CFM - CENTRE DE FORMATION F.C. METZ","aucun",0,0,14.19,13.48,13.22,13.48,13.69,13.69,13.22,13.48,13.48,14.19,0,27.4,1,"0","0","1",1,NA,6,383,5,1
3618,"Attaquant",1,"France","CFM - LOSC LILLE ASSOCIATION","PEM - PEM LIEVIN",1,0,NA,17.56,17.56,17.56,NA,NA,17.56,17.56,17.56,NA,0,70.69,1,"1","0","0",1,NA,5,227,3,0
3632,"Attaquant",4,"Algérie","CFM - CENTRE DE FORMATION ST DE REIMS","PEM - PEM REIMS",0,0,17.34,15.02,15.92,15.02,16.34,16.34,15.92,15.02,15.02,15.54,0.00065,17.54,3,"1","0","1",1,NA,2,94,1,0
3635,"Attaquant",12,"France","aucun","aucun",0,0,NA,11.43,10.68,11.43,15,15,10.68,11.43,11.43,12.56,0.00115,16.55,2,"1","0","1",1,3,7,370,3,0
3662,"Gardien de But",8,"France","aucun","aucun",0,0,NA,NA,NA,NA,NA,NA,NA,NA,NA,NA,NA,0,1,"0","1","0",1,NA,1,90,1,0
3678,"Attaquant",3,"Mali","CFM - CENTRE DE FORMATION F.C. DES GIRONDINS DE BORDEAUX","aucun",0,0,NA,NA,NA,NA,NA,NA,NA,NA,NA,NA,NA,NA,NA,"inconnu","inconnu","inconnu",1,1,3,116,2,0
3680,"Attaquant",3,"France","CFM - CENTRE DE FORMATION A.S. ST ETIENNE","PEM - PEM CLAIREFONTAINE",1,0,NA,NA,NA,NA,NA,NA,NA,NA,NA,NA,0,18,1,"0","0","1",1,3,11,677,8,1
3685,"Milieu",5,"France","aucun","aucun",0,0,13.6,13.6,13.6,13.6,13.6,13.6,NA,NA,NA,NA,0.00024,35.86,1,"0","0","1",1,NA,3,139,1,0
3687,"Attaquant",2,"France","CFM - LOSC LILLE ASSOCIATION","aucun",0,0,NA,NA,NA,NA,NA,NA,NA,NA,NA,NA,NA,NA,NA,"inconnu","inconnu","inconnu",1,1,7,334,3,0
3720,"Milieu",1,"France","CFM - CENTRE DE FORMATION F.C. SOCHAUX MONTBELIARD","PEM - PEM REIMS",0,0,NA,NA,NA,NA,11.67,10,NA,NA,NA,NA,0.00051,15.86,2,"0","1","1",1,1,2,100,1,0
3732,"Milieu",2,"France","CFM - CENTRE DE FORMATION TOULOUSE FOOTBALL CLUB","aucun",1,0,NA,13.74,13.74,13.74,13.99,13.99,13.74,13.74,13.74,NA,0,37.51,1,"0","0","1",1,NA,5,212,3,0
3740,"Attaquant",7,"France","CFM - CENTRE DE FORMATION F.C. DES GIRONDINS DE BORDEAUX","PEM - PEM CLAIREFONTAINE",0,0,18.36,13.67,13.67,13.67,13.67,13.67,11.32,11.32,11.32,NA,0.00031,26.86,2,"0","0","1",1,1,2,79,1,1
3750,"Milieu",8,"France","aucun","aucun",0,0,NA,NA,NA,NA,NA,NA,NA,NA,NA,NA,0.00444,30.68,2,"1","0","0",1,NA,2,74,1,1
3752,"Attaquant",6,"France","aucun","aucun",2,0,NA,NA,NA,NA,NA,NA,NA,NA,NA,NA,NA,NA,NA,"inconnu","inconnu","inconnu",1,5,11,715,9,1
3786,"Attaquant",9,"France","CFM - CENTRE DE FORMATION ST. RENNAIS F.C.","aucun",0,0,NA,11.48,11.48,11.48,12.18,12.18,11.48,11.48,11.48,NA,0.00156,17.74,2,"1","0","0",1,2,9,455,6,0
3796,"Attaquant",1,"Cote d'ivoire","aucun","aucun",0,1,NA,NA,NA,NA,NA,NA,NA,NA,NA,NA,0.05319,3.36,2,"1","0","0",1,1,2,112,1,0
3802,"Defenseur",4,"Congo","CFM - CENTRE DE FORMATION AS NANCY LORRAINE","aucun",0,0,NA,NA,NA,NA,NA,NA,NA,NA,NA,NA,NA,NA,NA,"inconnu","inconnu","inconnu",1,NA,4,191,3,0
3815,"Defenseur",5,"France","CFM - CENTRE DE FORMATION EN AVANT GUINGAMP","aucun",1,0,NA,10.03,10.03,10.03,NA,NA,10.03,10.03,10.03,NA,0.00068,77.26,1,"0","0","0",1,1,6,235,3,0
3816,"Attaquant",5,"France","CFM - CENTRE DE FORMATION A.J. AUXERROISE","aucun",0,0,11.88,11.88,6.47,11.88,11.88,11.88,NA,15.49,15.49,15.49,0.00058,50.97,1,"0","0","0",1,3,8,478,6,0
3817,"Gardien de But",6,"France","CFM - CENTRE DE FORMATION ST. RENNAIS F.C.","PEM - PEM TALENCE",0,0,NA,NA,NA,NA,NA,NA,NA,NA,NA,NA,0,15.44,3,"1","1","1",1,NA,1,80,1,0
3831,"Milieu",4,"France","aucun","aucun",1,0,NA,NA,NA,NA,NA,NA,NA,NA,NA,NA,NA,NA,NA,"inconnu","inconnu","inconnu",1,NA,2,61,1,1
3876,"Milieu",9,"France","aucun","aucun",0,0,20,20,20,20,NA,NA,NA,NA,NA,NA,NA,NA,NA,"inconnu","inconnu","inconnu",1,NA,3,129,1,0
3881,"Defenseur",8,"Cote d'ivoire","aucun","aucun",0,0,NA,NA,NA,NA,NA,NA,NA,NA,NA,NA,NA,NA,NA,"inconnu","inconnu","inconnu",1,NA,2,73,1,0
3885,"Attaquant",4,"France","CFM - CENTRE DE FORMATION F.C. SOCHAUX MONTBELIARD","PEM - PEM CLAIREFONTAINE",0,0,NA,15.5,15.5,15.5,14.4,14.4,15.5,15.5,15.5,NA,0.00058,30.4,1,"0","0","1",1,1,2,99,1,0
3887,"Milieu",10,"France","CFM - CENTRE DE FORMATION F.C. NANTES","aucun",0,0,10.39,14.84,17.07,14.84,17.07,17.07,17.07,14.84,14.84,10.39,0.00121,27.17,1,"0","1","0",1,2,5,259,2,0
3891,"Milieu",6,"France","CFM - ACADEMY AS MONACO FC","PEM - PEM CLAIREFONTAINE",0,1,NA,13.28,13.28,13.28,NA,NA,13.28,13.28,13.28,NA,0,83.9,2,"0","1","0",1,NA,7,418,5,0
3899,"Defenseur",2,"France","CFM - CENTRE DE FORMATION F.C. SOCHAUX MONTBELIARD","aucun",2,0,NA,NA,NA,NA,NA,NA,NA,NA,NA,NA,NA,NA,NA,"inconnu","inconnu","inconnu",1,2,16,1217,13,0
3900,"Milieu",8,"France","CFM - CENTRE DE FORMATION AS NANCY LORRAINE","PEM - PEM NANCY",1,0,NA,NA,NA,NA,20,20,NA,NA,NA,NA,NA,NA,NA,"inconnu","inconnu","inconnu",1,1,16,1026,12,0
3907,"Defenseur",2,"France","CFM - CENTRE DE FORMATION F.C. METZ","PEM - PEM NANCY",0,0,NA,16.73,15.84,16.73,18.62,18.62,15.84,16.73,16.73,19.05,4e-05,21.44,2,"0","0","1",1,NA,13,790,9,0
3919,"Defenseur",5,"France","CFM - ACADEMY AS MONACO FC","PEM - PEM REIMS",0,1,14.1,13.15,12.67,13.15,12.67,12.67,12.67,13.15,13.15,14.1,7e-05,27.46,3,"0","1","0",1,NA,8,581,6,1
3923,"Gardien de But",2,"France","CFM - CENTRE DE FORMATION O. DE MARSEILLE - O.M.","aucun",2,0,NA,NA,NA,NA,NA,NA,NA,NA,NA,NA,NA,NA,NA,"inconnu","inconnu","inconnu",1,NA,13,1082,13,1
3927,"Milieu",4,"France","CFM - CENTRE DE FORMATION MONTPELLIER HERAULT SP.C.","PEM - PEM AIX EN PROVENCE",0,0,13.61,15.87,17,15.87,14.67,14.67,17,15.87,15.87,13.61,0.00031,16.14,3,"0","1","1",1,NA,3,119,2,0
3929,"Milieu",10,"France","CFM - CENTRE DE FORMATION ST. MALHERBE CAEN-CALV.B.NORM.","PEM - PEM PLOUFRAGAN",0,0,15.98,16.61,15.43,16.61,16.43,16.43,17.24,17.47,17.47,17.78,0.00028,24.9,2,"0","1","0",1,NA,3,131,2,1
3954,"Defenseur",9,"France","aucun","aucun",0,0,NA,NA,NA,NA,NA,NA,NA,NA,NA,NA,NA,NA,NA,"inconnu","inconnu","inconnu",1,NA,4,255,2,0
3963,"Defenseur",5,"France","CFM - CENTRE DE FORMATION EN AVANT GUINGAMP","aucun",1,0,NA,NA,NA,NA,NA,NA,NA,NA,NA,NA,0.00033,43.6,1,"0","0","0",1,NA,4,145,1,0
3975,"Milieu",7,"France","CFM - LOSC LILLE ASSOCIATION","aucun",0,0,NA,14.47,14.47,14.47,NA,NA,14.47,14.47,14.47,NA,0,61.5,1,"1","0","0",1,NA,1,28,NA,0
3977,"Attaquant",3,"France","CFM - CENTRE DE FORMATION ST. RENNAIS F.C.","PEM - PEM SAINT-SEBASTIEN SUR LOIRE",0,0,16.75,15.57,15.68,15.57,14.32,14.32,15.68,15.57,15.57,15.46,0.00105,18.39,3,"1","0","0",1,4,7,377,4,1
3981,"Milieu",1,"France","CFM - CENTRE DE FORMATION A.J. AUXERROISE","PEM - PEM CLAIREFONTAINE",1,0,NA,NA,NA,NA,NA,NA,NA,NA,NA,NA,NA,NA,NA,"inconnu","inconnu","inconnu",1,1,9,633,7,0
3987,"Milieu",11,"Maroc","CFM - CENTRE DE FORMATION O.G.C. NICE COTE D'AZUR","aucun",0,0,NA,12.56,12.56,12.56,12.56,12.56,12.56,12.56,12.56,NA,0,18.81,1,"0","1","0",1,NA,3,152,1,0
4025,"Attaquant",3,"France","CFM - CENTRE DE FORMATION AS NANCY LORRAINE","PEM - PEM LIEVIN",1,0,15.4,17.15,18.03,17.15,18.42,18.42,18.03,17.15,17.15,15.4,0,32.32,1,"0","0","0",1,1,15,951,11,0
4031,"Attaquant",4,"Guinée","aucun","aucun",0,0,NA,NA,NA,NA,NA,NA,NA,NA,NA,NA,0.00041,26.75,2,"0","1","0",1,NA,1,48,1,0
4042,"Defenseur",2,"France","aucun","aucun",0,0,NA,20,NA,20,15,15,NA,NA,NA,20,0,22.29,1,"1","0","0",1,NA,5,303,3,0
4050,"Attaquant",6,"Cote d'ivoire","CFM - CENTRE DE FORMATION A.J. AUXERROISE","aucun",0,0,NA,NA,NA,NA,NA,NA,NA,NA,NA,NA,NA,NA,NA,"inconnu","inconnu","inconnu",1,NA,1,41,1,1
4074,"Gardien de But",6,"France","CFM - CENTRE DE FORMATION F.C. NANTES","aucun",0,0,13.21,15.9,15.93,15.9,17.8,17.8,15.93,15.9,15.9,15.86,0,17.86,1,"0","1","0",1,NA,3,229,2,0
4084,"Milieu",2,"France","CFM - CENTRE DE FORMATION F.C. SOCHAUX MONTBELIARD","aucun",0,0,14.15,15.3,15.73,15.3,16.02,16.02,15.73,15.3,15.3,14.15,0.00016,26.15,1,"0","0","1",1,2,4,285,4,1
4091,"Attaquant",11,"Mali","CFM - ACADEMY AS MONACO FC","PEM - PEM CLAIREFONTAINE",0,0,NA,NA,NA,NA,NA,NA,NA,NA,NA,NA,NA,NA,NA,"inconnu","inconnu","inconnu",1,NA,2,105,2,0
4103,"Defenseur",1,"France","CFM - CENTRE DE FORMATION O. DE LYON ET DU RHONE","aucun",0,0,NA,NA,NA,NA,NA,NA,NA,NA,NA,NA,NA,NA,NA,"inconnu","inconnu","inconnu",1,NA,1,50,NA,0
4106,"Milieu",7,"France","CFM - ACADEMY AS MONACO FC","aucun",0,1,NA,16.1,16.1,16.1,14.07,14.07,16.1,15.94,15.94,NA,0.00045,19.5,3,"0","1","1",1,2,10,720,9,1
4108,"Defenseur",4,"France","aucun","aucun",1,0,NA,NA,NA,NA,NA,NA,NA,NA,NA,NA,NA,NA,NA,"inconnu","inconnu","inconnu",1,NA,8,489,7,0
4111,"Gardien de But",11,"France","CFM - LOSC LILLE ASSOCIATION","PEM - PEM LIEVIN",0,0,15.05,17.98,18.71,17.98,18.71,18.71,18.71,18.71,18.71,15.05,0,42.5,1,"1","0","0",1,NA,1,90,1,1
4118,"Milieu",3,"France","aucun","aucun",0,0,16.84,15.06,13.72,15.06,15.06,15.06,13.72,15.06,15.06,16.84,0.00044,40.24,1,"0","0","1",1,2,5,259,2,0
4122,"Attaquant",3,"France","CFM - ACADEMY AS MONACO FC","aucun",0,0,16.48,15.22,15.2,15.22,17.08,17.08,16.16,15.22,15.22,15.3,0.00062,22.96,2,"0","1","1",1,3,4,181,2,0
4129,"Defenseur",2,"France","CFM - CENTRE DE FORMATION LE HAVRE A.C.","aucun",1,0,NA,NA,NA,NA,NA,NA,NA,NA,NA,NA,NA,NA,NA,"inconnu","inconnu","inconnu",1,NA,6,500,6,0
4145,"Gardien de But",4,"France","CFM - CENTRE DE FORMATION F.C. SOCHAUX MONTBELIARD","aucun",0,0,NA,NA,NA,NA,NA,NA,NA,NA,NA,NA,NA,NA,NA,"inconnu","inconnu","inconnu",1,NA,1,90,1,1
4149,"Attaquant",2,"Algérie","CFM - CENTRE DE FORMATION O. DE LYON ET DU RHONE","aucun",0,0,NA,16.4,16.4,16.4,15.73,15.73,16.4,16.4,16.4,NA,0.00253,51.48,2,"1","0","0",1,4,11,561,6,1
4166,"Attaquant",4,"Algérie","CFM - CENTRE DE FORMATION O. DE MARSEILLE - O.M.","aucun",1,0,NA,14.9,14.23,14.9,15.43,15.43,14.23,14.9,14.9,15.79,0.00028,30.34,1,"1","0","0",1,NA,3,71,NA,0
4169,"Defenseur",1,"France","aucun","aucun",0,0,NA,NA,NA,NA,NA,NA,NA,NA,NA,NA,NA,NA,NA,"inconnu","inconnu","inconnu",1,NA,3,155,2,0
4186,"Defenseur",5,"France","CFM - CENTRE DE FORMATION O. DE LYON ET DU RHONE","aucun",0,0,14.65,15.45,15.51,15.45,15.96,15.96,15.51,16.25,16.25,14.65,0.00022,17.73,3,"1","0","0",1,NA,2,72,1,1
4187,"Attaquant",3,"France","CFM - CENTRE DE FORMATION ST. RENNAIS F.C.","aucun",0,0,10.41,8.69,7.55,8.69,NA,NA,7.55,8.69,8.69,10.41,0.00079,13.56,2,"1","0","0",1,2,3,199,2,0
4190,"Defenseur",8,"Cote d'ivoire","CFM - CENTRE DE FORMATION A.J. AUXERROISE","aucun",0,0,NA,NA,NA,NA,NA,NA,NA,NA,NA,NA,0,90,1,"0","0","0",1,NA,5,326,4,1
4197,"Defenseur",6,"France","CFM - CENTRE DE FORMATION MONTPELLIER HERAULT SP.C.","PEM - PEM AIX EN PROVENCE",0,0,NA,NA,NA,NA,NA,NA,NA,NA,NA,NA,0.00056,77.48,1,"0","0","0",1,NA,2,180,2,0
4207,"Defenseur",1,"France","CFM - CENTRE DE FORMATION O.G.C. NICE COTE D'AZUR","PEM - PEM AIX EN PROVENCE",0,0,14.36,14.78,14.8,14.78,14.8,14.8,14.8,14.78,14.78,14.75,7e-05,25.04,2,"0","0","0",1,NA,9,504,5,0
4216,"Milieu",3,"Bénin","CFM - CENTRE DE FORMATION F.C. DES GIRONDINS DE BORDEAUX","aucun",0,0,17.8,15.59,13.37,15.59,17.8,17.8,13.37,15.59,15.59,17.8,0.00018,14.66,1,"0","0","1",1,1,3,165,2,0
4256,"Gardien de But",3,"France","CFM - CENTRE DE FORMATION LE HAVRE A.C.","aucun",0,0,11.23,14.97,14.97,14.97,14.97,14.97,17.78,14.97,17.78,NA,0,27.35,1,"0","1","0",1,NA,4,360,4,0
4265,"Defenseur",11,"Cameroun","CFM - CENTRE DE FORMATION LE HAVRE A.C.","PEM - PEM LIEVIN",1,0,NA,NA,NA,NA,NA,NA,NA,NA,NA,NA,NA,NA,NA,"inconnu","inconnu","inconnu",1,1,10,620,7,0
4271,"Attaquant",6,"France","CFM - CENTRE DE FORMATION F.C. SOCHAUX MONTBELIARD","PEM - PEM REIMS",1,0,NA,NA,NA,NA,NA,NA,NA,NA,NA,NA,NA,NA,NA,"inconnu","inconnu","inconnu",1,6,15,769,8,0
4274,"Gardien de But",2,"France","CFM - LOSC LILLE ASSOCIATION","aucun",0,0,15.43,10.45,6.71,10.45,11.98,11.98,6.71,12.28,11.01,15.43,0,18.05,3,"1","0","0",1,NA,4,360,4,1
4295,"Gardien de But",2,"France","CFM - CENTRE DE FORMATION O. DE MARSEILLE - O.M.","aucun",1,0,NA,NA,NA,NA,NA,NA,NA,NA,NA,NA,NA,NA,NA,"inconnu","inconnu","inconnu",1,NA,5,409,4,0
4299,"Gardien de But",5,"France","aucun","aucun",0,0,13.48,10.65,9.91,10.65,9.91,9.91,9.91,10.65,10.65,13.48,9e-05,23.03,2,"0","1","1",1,NA,2,180,2,0
4302,"Attaquant",6,"France","aucun","aucun",0,0,NA,NA,NA,NA,NA,NA,NA,NA,NA,NA,0,NA,1,"1","0","0",1,1,9,596,6,1
4303,"Gardien de But",3,"France","CFM - ACADEMY AS MONACO FC","aucun",0,0,NA,15.81,14.37,15.81,15.81,15.81,14.37,15.81,15.81,NA,0,18.83,2,"0","1","0",1,NA,1,41,1,0
4310,"Defenseur",4,"France","aucun","aucun",0,0,NA,NA,NA,NA,NA,NA,NA,NA,NA,NA,NA,0,1,"1","0","0",1,NA,5,324,4,1
4332,"Attaquant",8,"France","aucun","aucun",0,0,17.68,17.68,NA,17.68,17.68,17.68,NA,17.68,17.68,17.68,0.00077,25.54,1,"0","1","0",1,1,7,353,4,1
4333,"Attaquant",6,"France","aucun","aucun",1,0,NA,NA,NA,NA,NA,NA,NA,NA,NA,NA,0.08824,4.25,1,"1","0","0",1,2,7,377,4,1
4336,"Defenseur",12,"Comores","CFM - CENTRE DE FORMATION LA BERRICHONNE DE CHATEAUROUX","aucun",0,0,NA,NA,11.31,NA,11.31,11.31,11.31,NA,NA,NA,0.00011,17.5,5,"1","0","0",1,1,2,74,1,0
4346,"Defenseur",8,"France","CFM - CENTRE DE FORMATION ST. LAVALLOIS F.C.","aucun",1,0,NA,NA,NA,NA,NA,NA,NA,NA,NA,NA,NA,NA,NA,"inconnu","inconnu","inconnu",1,NA,13,762,9,0
4351,"Milieu",12,"France","CFM - CENTRE DE FORMATION ANGERS S.C.O.","aucun",0,0,NA,NA,NA,NA,NA,NA,NA,NA,NA,NA,NA,NA,NA,"inconnu","inconnu","inconnu",1,NA,4,256,3,0
4353,"Attaquant",8,"France","CFM - CENTRE DE FORMATION O.G.C. NICE COTE D'AZUR","aucun",2,0,NA,NA,NA,NA,NA,NA,NA,NA,NA,NA,NA,NA,NA,"inconnu","inconnu","inconnu",1,6,13,909,9,1
4357,"Attaquant",1,"France","CFM - CENTRE DE FORMATION R.C. LENSOIS","aucun",0,0,NA,NA,NA,NA,NA,NA,NA,NA,NA,NA,0.01111,90,1,"0","1","0",1,NA,3,150,2,1
4378,"Milieu",4,"France","CFM - CENTRE DE FORMATION O. DE MARSEILLE - O.M.","aucun",2,0,NA,NA,NA,NA,NA,NA,NA,NA,NA,NA,NA,NA,NA,"inconnu","inconnu","inconnu",1,2,9,534,7,0
4383,"Milieu",7,"France","CFM - CENTRE DE FORMATION O.G.C. NICE COTE D'AZUR","aucun",1,0,NA,NA,NA,NA,NA,NA,NA,NA,NA,NA,0,180,1,"0","1","0",1,NA,8,413,5,0
4414,"Milieu",1,"France","CFM - CENTRE DE FORMATION R.C. LENSOIS","aucun",2,0,NA,NA,NA,NA,NA,NA,NA,NA,NA,NA,NA,NA,NA,"inconnu","inconnu","inconnu",1,1,9,454,5,1
4431,"Defenseur",9,"France","CFM - CENTRE DE FORMATION F.C. METZ","aucun",1,0,NA,11.11,11.78,11.11,11.11,11.11,11.78,11.11,11.11,10.22,0,43.58,1,"0","0","1",1,NA,15,1120,13,0
4438,"Attaquant",6,"France","CFM - CENTRE DE FORMATION ST. MALHERBE CAEN-CALV.B.NORM.","aucun",1,0,NA,NA,NA,NA,NA,NA,NA,NA,NA,NA,NA,NA,NA,"inconnu","inconnu","inconnu",1,7,11,451,5,0
4441,"Defenseur",7,"France","CFM - CENTRE DE FORMATION AS NANCY LORRAINE","PEM - PEM NANCY",0,0,NA,NA,NA,NA,NA,NA,NA,NA,NA,NA,NA,NA,NA,"inconnu","inconnu","inconnu",1,NA,2,119,2,0
4449,"Milieu",5,"France","CFM - CENTRE DE FORMATION ST. RENNAIS F.C.","aucun",2,0,NA,NA,NA,NA,NA,NA,NA,NA,NA,NA,NA,NA,NA,"inconnu","inconnu","inconnu",1,1,12,885,10,0
4467,"Gardien de But",11,"France","CFM - CENTRE DE FORMATION ESPER. TROYES AUBE CHAMPAGNE","PEM - PEM NANCY",0,0,NA,NA,NA,NA,NA,NA,NA,NA,NA,NA,NA,NA,NA,"inconnu","inconnu","inconnu",1,NA,2,180,2,0
4513,"Milieu",6,"France","CFM - CENTRE DE FORMATION F.C. METZ","aucun",1,0,NA,NA,NA,NA,NA,NA,NA,NA,NA,NA,NA,NA,NA,"inconnu","inconnu","inconnu",1,NA,2,77,1,0
4517,"Attaquant",2,"République Centrafricaine","CFM - CENTRE DE FORMATION ST. RENNAIS F.C.","aucun",0,0,NA,10.44,10.44,10.44,NA,NA,10.44,10.44,10.44,NA,0.00157,38.3,1,"1","0","0",1,NA,2,87,1,0
4532,"Gardien de But",2,"France","aucun","PEM - PEM CLAIREFONTAINE",0,0,NA,NA,NA,NA,NA,NA,NA,NA,NA,NA,NA,NA,NA,"inconnu","inconnu","inconnu",1,NA,1,90,1,0
4547,"Attaquant",4,"France","CFM - CENTRE DE FORMATION F.C. DES GIRONDINS DE BORDEAUX","PEM - PEM CASTELMAUROU",0,0,13.41,14.26,14.69,14.26,14.28,14.28,15.1,14.43,14.43,13.48,8e-05,23.41,2,"0","0","1",1,1,4,182,3,0
4563,"Milieu",1,"France","CFM - CENTRE DE FORMATION F.C. DES GIRONDINS DE BORDEAUX","PEM - PEM LIEVIN",0,0,NA,NA,NA,NA,NA,NA,NA,NA,NA,NA,NA,NA,NA,"inconnu","inconnu","inconnu",1,NA,2,104,1,0
4574,"Milieu",2,"France","CFM - CENTRE DE FORMATION TOULOUSE FOOTBALL CLUB","aucun",0,0,NA,NA,NA,NA,NA,NA,NA,NA,NA,NA,NA,NA,NA,"inconnu","inconnu","inconnu",1,1,7,337,4,0
4578,"Milieu",7,"Turquie","CFM - CENTRE DE FORMATION F.C. SOCHAUX MONTBELIARD","aucun",0,0,NA,NA,NA,NA,20,20,NA,NA,NA,NA,NA,NA,NA,"inconnu","inconnu","inconnu",1,1,6,375,4,0
4586,"Attaquant",1,"France","CFM - CENTRE DE FORMATION MONTPELLIER HERAULT SP.C.","aucun",0,0,NA,17.53,NA,17.53,17.53,17.53,NA,17.53,17.53,17.53,8e-04,18.42,3,"0","1","0",1,NA,2,120,1,1
4593,"Attaquant",4,"France","CFM - CENTRE DE FORMATION ST. RENNAIS F.C.","aucun",1,0,NA,NA,NA,NA,NA,NA,NA,NA,NA,NA,NA,NA,NA,"inconnu","inconnu","inconnu",1,10,11,688,7,1
4609,"Gardien de But",4,"France","CFM - CENTRE DE FORMATION F.C. DES GIRONDINS DE BORDEAUX","aucun",0,0,NA,NA,NA,NA,NA,NA,NA,13,NA,NA,0,20.85,2,"0","1","1",1,NA,1,90,1,0
4615,"Gardien de But",1,"France","CFM - CENTRE DE FORMATION F.C. DES GIRONDINS DE BORDEAUX","aucun",1,0,NA,NA,NA,NA,NA,NA,NA,NA,NA,NA,NA,0,1,"0","0","1",1,NA,10,851,10,1
4616,"Milieu",1,"Congo","CFM - CENTRE DE FORMATION AS NANCY LORRAINE","aucun",2,0,NA,NA,NA,NA,NA,NA,NA,NA,NA,NA,NA,NA,NA,"inconnu","inconnu","inconnu",1,NA,15,906,10,0
4648,"Defenseur",3,"France","CFM - CENTRE DE FORMATION O. DE LYON ET DU RHONE","aucun",0,0,13.94,11.46,9.84,11.46,12.45,12.45,9.83,11.92,11.92,14.7,8e-05,26.12,2,"1","0","0",1,NA,1,90,1,0
4657,"Milieu",4,"France","CFM - CENTRE DE FORMATION O. DE LYON ET DU RHONE","aucun",0,0,16.2,17.26,18.17,17.26,17.13,17.13,18.17,17.26,17.26,16.2,0.00023,17.14,3,"1","0","0",1,2,3,149,2,0
4665,"Attaquant",2,"France","CFM - CENTRE DE FORMATION DIJON FOOTBALL CÔTE D'OR","aucun",0,0,NA,NA,NA,NA,NA,NA,NA,NA,NA,NA,NA,NA,NA,"inconnu","inconnu","inconnu",1,NA,1,26,NA,0
4674,"Gardien de But",1,"France","CFM - CENTRE DE FORMATION ST. MALHERBE CAEN-CALV.B.NORM.","aucun",0,0,NA,12.71,12.71,12.71,12.17,12.17,12.71,12.71,12.71,NA,0,23.59,1,"0","1","0",1,NA,6,540,6,0
4686,"Defenseur",2,"France","CFM - CENTRE DE FORMATION A.J. AUXERROISE","aucun",0,0,NA,NA,NA,NA,NA,NA,NA,NA,NA,NA,NA,NA,NA,"inconnu","inconnu","inconnu",1,NA,1,73,1,0
4687,"Milieu",3,"France","CFM - CENTRE DE FORMATION F.C. NANTES","aucun",0,0,NA,NA,NA,NA,NA,NA,NA,NA,NA,NA,NA,NA,NA,"inconnu","inconnu","inconnu",1,NA,1,45,NA,0
4689,"Defenseur",8,"France","CFM - CENTRE DE FORMATION O. DE MARSEILLE - O.M.","aucun",0,0,13.89,13.49,9.18,13.49,14.93,14.93,NA,14.93,14.93,14.93,0.00013,15.42,1,"1","0","0",1,NA,1,65,1,0
4695,"Milieu",2,"France","CFM - CENTRE DE FORMATION AS NANCY LORRAINE","PEM - PEM NANCY",0,0,NA,15.27,15.2,15.27,16.27,16.27,15.2,15.27,15.27,15.53,0.00018,19.83,2,"0","0","0",1,NA,7,321,4,0
4715,"Gardien de But",1,"France","CFM - CENTRE DE FORMATION A.S. ST ETIENNE","aucun",1,0,NA,17.06,17.06,17.06,NA,NA,17.06,17.06,17.06,NA,0,58.5,1,"0","0","1",1,NA,8,671,8,0
4716,"Gardien de But",12,"France","CFM - CENTRE DE FORMATION A.S. ST ETIENNE","aucun",1,0,17.48,15.41,13.82,15.41,15.41,15.41,13.82,13.82,13.82,18.2,0,34.53,1,"0","0","1",1,NA,7,581,7,1
4721,"Defenseur",2,"Congo","aucun","aucun",1,0,NA,NA,NA,NA,NA,NA,NA,NA,NA,NA,NA,NA,NA,"inconnu","inconnu","inconnu",1,1,14,1106,12,1
4762,"Defenseur",2,"France","aucun","aucun",0,0,18.24,15.44,15.44,15.44,16.44,16.44,13.43,13.43,13.43,NA,6e-04,83,1,"0","0","1",1,NA,3,163,3,0
4763,"Attaquant",4,"France","CFM - CENTRE DE FORMATION A.C. AJACCIEN","PEM - PEM AJACCIO",0,0,18.17,15.18,13.75,15.18,16.3,16.3,13.75,15.76,15.76,18.05,4e-04,18.62,1,"1","0","0",1,3,12,755,8,0
4777,"Milieu",5,"Cote d'ivoire","CFM - CENTRE DE FORMATION F.C. LORIENT","aucun",1,0,NA,NA,NA,NA,NA,NA,NA,NA,NA,NA,NA,NA,NA,"inconnu","inconnu","inconnu",1,NA,12,833,9,0
4790,"Defenseur",8,"France","CFM - CENTRE DE FORMATION MONTPELLIER HERAULT SP.C.","aucun",0,0,13.33,14.91,15.43,14.91,15.15,15.15,13.99,14.34,14.34,14.52,8e-05,19.79,1,"0","0","0",1,NA,1,25,NA,0
4793,"Milieu",2,"France","CFM - CENTRE DE FORMATION O. DE LYON ET DU RHONE","aucun",0,0,NA,NA,NA,NA,NA,NA,NA,NA,NA,NA,7e-05,14.79,2,"1","0","0",1,NA,2,85,1,0
4825,"Defenseur",6,"France","CFM - CENTRE DE FORMATION TOULOUSE FOOTBALL CLUB","PEM - PEM CASTELMAUROU",0,0,NA,15.2,15.2,15.2,20,20,15.2,15.2,15.2,NA,0,35.29,1,"0","1","0",1,NA,12,961,12,0
4836,"Milieu",6,"France","CFM - CENTRE DE FORMATION ST. RENNAIS F.C.","aucun",0,0,13.93,15.97,16.99,15.97,15.97,15.97,16.99,16.99,16.99,13.93,0.0018,34.03,1,"1","0","0",1,3,6,395,5,0
4853,"Defenseur",11,"France","CFM - CENTRE DE FORMATION ANGERS S.C.O.","aucun",0,0,NA,NA,NA,NA,NA,NA,NA,NA,NA,NA,0,20.36,2,"0","0","1",1,NA,3,191,2,0
4864,"Attaquant",1,"France","aucun","aucun",0,0,NA,NA,NA,NA,NA,NA,NA,NA,NA,NA,NA,NA,NA,"inconnu","inconnu","inconnu",1,2,8,258,4,0
4869,"Milieu",1,"France","CFM - CENTRE DE FORMATION TOULOUSE FOOTBALL CLUB","PEM - PEM CASTELMAUROU",0,0,11.89,14.51,14.72,14.51,15.45,15.45,16,15.47,15.47,13.58,0.00042,21.18,1,"0","1","0",1,1,2,55,1,0
4872,"Milieu",3,"France","CFM - CENTRE DE FORMATION F.C. NANTES","PEM - PEM SAINT-SEBASTIEN SUR LOIRE",1,0,18.67,16.56,14.97,16.56,16.56,16.56,14.97,16.56,16.56,18.67,0.00031,34.76,1,"0","1","0",1,4,13,830,10,0
